"","prey_time","prey_pop","pred_time","pred_pop","start","end","c_prey","c_pred","window","dilution.rate","Source"
"1","0","6.451",0,5.432,0.1,2,"1","1",50,1.512,"Barnet 1981.csv"
"2","3.789","6.037",2.599,5.595,NA,NA,"","",NA,NA,"Barnet 1981.csv"
"3","5.277","5.654",5.203,7.602,NA,NA,"","",NA,NA,"Barnet 1981.csv"
"4","6.542","5.432",7.509,7.971,NA,NA,"","",NA,NA,"Barnet 1981.csv"
"5","7.584","5.078",13.462,7.395,NA,NA,"","",NA,NA,"Barnet 1981.csv"
"6","8.551","5.299",19.414,6.2,NA,NA,"","",NA,NA,"Barnet 1981.csv"
"7","9.295","5.358",23.432,6.023,NA,NA,"","",NA,NA,"Barnet 1981.csv"
"8","11.304","5.417",25.738,6.17,NA,NA,"","",NA,NA,"Barnet 1981.csv"
"9","12.346","5.521",29.31,6.731,NA,NA,"","",NA,NA,"Barnet 1981.csv"
"10","13.611","5.742",33.699,6.229,NA,NA,"","",NA,NA,"Barnet 1981.csv"
"11","14.28","6.185",39.652,5.565,NA,NA,"","",NA,NA,"Barnet 1981.csv"
"12","15.768","6.333",43.744,5.609,NA,NA,"","",NA,NA,"Barnet 1981.csv"
"13","18.298","6.672",49.25,5.388,NA,NA,"","",NA,NA,"Barnet 1981.csv"
"14","18.968","6.746",53.565,6.82,NA,NA,"","",NA,NA,"Barnet 1981.csv"
"15","20.084","6.687",56.69,6.775,NA,NA,"","",NA,NA,"Barnet 1981.csv"
"16","23.209","6.465",60.782,5.609,NA,NA,"","",NA,NA,"Barnet 1981.csv"
"17","25.441","6.303",64.725,5.624,NA,NA,"","",NA,NA,"Barnet 1981.csv"
"18","26.259","6.2",NA,NA,NA,NA,"","",NA,NA,"Barnet 1981.csv"
"19","27.524","5.846",NA,NA,NA,NA,"","",NA,NA,"Barnet 1981.csv"
"20","28.268","5.654",NA,NA,NA,NA,"","",NA,NA,"Barnet 1981.csv"
"21","29.607","5.255",NA,NA,NA,NA,"","",NA,NA,"Barnet 1981.csv"
"22","32.435","5.226",NA,NA,NA,NA,"","",NA,NA,"Barnet 1981.csv"
"23","33.699","5.255",NA,NA,NA,NA,"","",NA,NA,"Barnet 1981.csv"
"24","34.518","5.565",NA,NA,NA,NA,"","",NA,NA,"Barnet 1981.csv"
"25","35.857","5.595",NA,NA,NA,NA,"","",NA,NA,"Barnet 1981.csv"
"26","36.675","5.89",NA,NA,NA,NA,"","",NA,NA,"Barnet 1981.csv"
"27","39.726","5.978",NA,NA,NA,NA,"","",NA,NA,"Barnet 1981.csv"
"28","41.512","6.451",NA,NA,NA,NA,"","",NA,NA,"Barnet 1981.csv"
"29","43.744","6.598",NA,NA,NA,NA,"","",NA,NA,"Barnet 1981.csv"
"30","46.348","6.643",NA,NA,NA,NA,"","",NA,NA,"Barnet 1981.csv"
"31","48.431","6.495",NA,NA,NA,NA,"","",NA,NA,"Barnet 1981.csv"
"32","53.565","6.274",NA,NA,NA,NA,"","",NA,NA,"Barnet 1981.csv"
"33","55.871","6.126",NA,NA,NA,NA,"","",NA,NA,"Barnet 1981.csv"
"34","57.955","5.786",NA,NA,NA,NA,"","",NA,NA,"Barnet 1981.csv"
"35","61.005","6.155",NA,NA,NA,NA,"","",NA,NA,"Barnet 1981.csv"
"36","62.419","6.406",NA,NA,NA,NA,"","",NA,NA,"Barnet 1981.csv"
"37","63.609","6.495",NA,NA,NA,NA,"","",NA,NA,"Barnet 1981.csv"
"38","0.779","3.52",0.779,5.905,-2,2,"6","6",33,0.2,"Bohannan 1997.csv"
"39","7.792","3.793",10.13,4.869,NA,NA,"","",NA,NA,"Bohannan 1997.csv"
"40","20.26","5.573",23.377,5.983,NA,NA,"","",NA,NA,"Bohannan 1997.csv"
"41","31.169","2.464",32.727,6.922,NA,NA,"","",NA,NA,"Bohannan 1997.csv"
"42","42.857","2.737",43.636,4.067,NA,NA,"","",NA,NA,"Bohannan 1997.csv"
"43","55.325","3.128",55.325,3.148,NA,NA,"","",NA,NA,"Bohannan 1997.csv"
"44","71.688","4.888",70.13,5.201,NA,NA,"","",NA,NA,"Bohannan 1997.csv"
"45","96.623","2.483",79.481,6.277,NA,NA,"","",NA,NA,"Bohannan 1997.csv"
"46","103.636","3.676",98.182,2.992,NA,NA,"","",NA,NA,"Bohannan 1997.csv"
"47","120","5.455",120,5.573,NA,NA,"","",NA,NA,"Bohannan 1997.csv"
"48","131.688","0.684",129.351,5.553,NA,NA,"","",NA,NA,"Bohannan 1997.csv"
"49","144.935","1.779",144.156,2.816,NA,NA,"","",NA,NA,"Bohannan 1997.csv"
"50","151.169","2.718",169.87,6.648,NA,NA,"","",NA,NA,"Bohannan 1997.csv"
"51","169.87","5.025",175.325,6.453,NA,NA,"","",NA,NA,"Bohannan 1997.csv"
"52","193.247","2.131",194.805,0.743,NA,NA,"","",NA,NA,"Bohannan 1997.csv"
"53","202.597","2.835",204.156,2.307,NA,NA,"","",NA,NA,"Bohannan 1997.csv"
"54","218.182","5.338",217.403,4.341,NA,NA,"","",NA,NA,"Bohannan 1997.csv"
"55","226.753","4.849",254.805,2.503,NA,NA,"","",NA,NA,"Bohannan 1997.csv"
"56","247.792","5.69",269.61,1.936,NA,NA,"","",NA,NA,"Bohannan 1997.csv"
"57","255.584","5.573",293.766,1.564,NA,NA,"","",NA,NA,"Bohannan 1997.csv"
"58","269.61","5.592",305.455,1.017,NA,NA,"","",NA,NA,"Bohannan 1997.csv"
"59","292.987","5.651",319.481,1.33,NA,NA,"","",NA,NA,"Bohannan 1997.csv"
"60","306.234","5.436",326.493,2.034,NA,NA,"","",NA,NA,"Bohannan 1997.csv"
"61","317.143","5.416",341.299,3.128,NA,NA,"","",NA,NA,"Bohannan 1997.csv"
"62","328.831","5.416",345.974,4.791,NA,NA,"","",NA,NA,"Bohannan 1997.csv"
"63","342.857","5.514",367.792,4.419,NA,NA,"","",NA,NA,"Bohannan 1997.csv"
"64","349.091","5.416",373.247,3.617,NA,NA,"","",NA,NA,"Bohannan 1997.csv"
"65","367.013","5.592",393.507,1.271,NA,NA,"","",NA,NA,"Bohannan 1997.csv"
"66","372.468","5.377",427.013,2.777,NA,NA,"","",NA,NA,"Bohannan 1997.csv"
"67","394.286","5.612",495.584,5.358,NA,NA,"","",NA,NA,"Bohannan 1997.csv"
"68","427.013","5.573",517.403,5.592,NA,NA,"","",NA,NA,"Bohannan 1997.csv"
"69","496.364","5.475",539.221,2.425,NA,NA,"","",NA,NA,"Bohannan 1997.csv"
"70","514.286","5.573",562.597,1.115,NA,NA,"","",NA,NA,"Bohannan 1997.csv"
"71","520.519","5.436",588.312,3.891,NA,NA,"","",NA,NA,"Bohannan 1997.csv"
"72","539.221","5.69",NA,NA,NA,NA,"","",NA,NA,"Bohannan 1997.csv"
"73","565.714","5.69",NA,NA,NA,NA,"","",NA,NA,"Bohannan 1997.csv"
"74","589.87","5.67",NA,NA,NA,NA,"","",NA,NA,"Bohannan 1997.csv"
"75","2.3305","2.104",0,0,0.05,2,"2","4",33,0.0385,"Boraas 1985.csv"
"76","20.9746","2.104",23.3051,0,NA,NA,"","",NA,NA,"Boraas 1985.csv"
"77","48.9407","2.0925",44.2797,0,NA,NA,"","",NA,NA,"Boraas 1985.csv"
"78","74.5763","2.1387",74.5763,0.037,NA,NA,"","",NA,NA,"Boraas 1985.csv"
"79","123.5169","1.7919",121.1864,0.321,NA,NA,"","",NA,NA,"Boraas 1985.csv"
"80","146.822","1.1908",146.822,0.7901,NA,NA,"","",NA,NA,"Boraas 1985.csv"
"81","156.1441","0.6705",153.8136,1.2593,NA,NA,"","",NA,NA,"Boraas 1985.csv"
"82","167.7966","0.2081",165.4661,1.7531,NA,NA,"","",NA,NA,"Boraas 1985.csv"
"83","181.7797","0.0347",179.4492,1.963,NA,NA,"","",NA,NA,"Boraas 1985.csv"
"84","195.7627","0.0116",188.7712,1.642,NA,NA,"","",NA,NA,"Boraas 1985.csv"
"85","207.4153","0.0116",207.4153,1.2593,NA,NA,"","",NA,NA,"Boraas 1985.csv"
"86","219.0678","0.0116",216.7373,0.9136,NA,NA,"","",NA,NA,"Boraas 1985.csv"
"87","235.3814","0.0231",235.3814,0.5679,NA,NA,"","",NA,NA,"Boraas 1985.csv"
"88","263.3475","0.1503",268.0085,0.284,NA,NA,"","",NA,NA,"Boraas 1985.csv"
"89","277.3305","0.3006",279.661,0.1975,NA,NA,"","",NA,NA,"Boraas 1985.csv"
"90","305.2966","1.6532",288.9831,0.1852,NA,NA,"","",NA,NA,"Boraas 1985.csv"
"91","312.2881","2.0231",305.2966,0.1605,NA,NA,"","",NA,NA,"Boraas 1985.csv"
"92","326.2712","1.7803",316.9492,0.2222,NA,NA,"","",NA,NA,"Boraas 1985.csv"
"93","340.2542","1.7225",328.6017,0.2963,NA,NA,"","",NA,NA,"Boraas 1985.csv"
"94","354.2373","1.3988",335.5932,0.321,NA,NA,"","",NA,NA,"Boraas 1985.csv"
"95","361.2288","1.3295",349.5763,0.3827,NA,NA,"","",NA,NA,"Boraas 1985.csv"
"96","375.2119","1.3064",361.2288,0.3951,NA,NA,"","",NA,NA,"Boraas 1985.csv"
"97","382.2034","1.1329",368.2203,0.5062,NA,NA,"","",NA,NA,"Boraas 1985.csv"
"98","386.8644","0.9942",377.5424,0.5432,NA,NA,"","",NA,NA,"Boraas 1985.csv"
"99","396.1864","0.8092",384.5339,0.6296,NA,NA,"","",NA,NA,"Boraas 1985.csv"
"100","405.5085","0.7514",396.1864,0.7407,NA,NA,"","",NA,NA,"Boraas 1985.csv"
"101","410.1695","0.578",400.8475,0.8272,NA,NA,"","",NA,NA,"Boraas 1985.csv"
"102","424.1525","0.2775",405.5085,1.0494,NA,NA,"","",NA,NA,"Boraas 1985.csv"
"103","428.8136","0.1156",419.4915,1.0988,NA,NA,"","",NA,NA,"Boraas 1985.csv"
"104","435.8051","0.0462",426.4831,1.358,NA,NA,"","",NA,NA,"Boraas 1985.csv"
"105","449.7881","0.0116",440.4661,1.1852,NA,NA,"","",NA,NA,"Boraas 1985.csv"
"106","461.4407","0.0347",449.7881,0.9506,NA,NA,"","",NA,NA,"Boraas 1985.csv"
"107","470.7627","0.0578",454.4492,0.7778,NA,NA,"","",NA,NA,"Boraas 1985.csv"
"108","477.7542","0.2197",459.1102,0.7284,NA,NA,"","",NA,NA,"Boraas 1985.csv"
"109","482.4153","0.1965",463.7712,0.642,NA,NA,"","",NA,NA,"Boraas 1985.csv"
"110","494.0678","0.4162",470.7627,0.4938,NA,NA,"","",NA,NA,"Boraas 1985.csv"
"111","496.3983","0.5896",475.4237,0.5309,NA,NA,"","",NA,NA,"Boraas 1985.csv"
"112","503.3898","0.7861",477.7542,0.4198,NA,NA,"","",NA,NA,"Boraas 1985.csv"
"113","508.0508","0.9711",489.4068,0.321,NA,NA,"","",NA,NA,"Boraas 1985.csv"
"114","517.3729","1.1098",498.7288,0.358,NA,NA,"","",NA,NA,"Boraas 1985.csv"
"115","531.3559","1.2254",508.0508,0.3827,NA,NA,"","",NA,NA,"Boraas 1985.csv"
"116","540.678","0.9827",515.0424,0.3704,NA,NA,"","",NA,NA,"Boraas 1985.csv"
"117","552.3305","0.9595",519.7034,0.3704,NA,NA,"","",NA,NA,"Boraas 1985.csv"
"118","559.322","0.8786",524.3644,0.4321,NA,NA,"","",NA,NA,"Boraas 1985.csv"
"119","568.6441","0.6705",543.0085,0.5679,NA,NA,"","",NA,NA,"Boraas 1985.csv"
"120","580.2966","0.4624",545.339,0.5062,NA,NA,"","",NA,NA,"Boraas 1985.csv"
"121","589.6186","0.2775",554.661,0.716,NA,NA,"","",NA,NA,"Boraas 1985.csv"
"122","596.6102","0.1387",563.9831,0.8025,NA,NA,"","",NA,NA,"Boraas 1985.csv"
"123","603.6017","0.0578",575.6356,1.0123,NA,NA,"","",NA,NA,"Boraas 1985.csv"
"124","612.9237","0.0347",587.2881,0.9506,NA,NA,"","",NA,NA,"Boraas 1985.csv"
"125","631.5678","0.0347",591.9492,1.1358,NA,NA,"","",NA,NA,"Boraas 1985.csv"
"126","643.2203","0.0694",601.2712,1.1728,NA,NA,"","",NA,NA,"Boraas 1985.csv"
"127","657.2034","0.1618",612.9237,0.9259,NA,NA,"","",NA,NA,"Boraas 1985.csv"
"128","673.5169","0.3699",617.5847,0.8272,NA,NA,"","",NA,NA,"Boraas 1985.csv"
"129","687.5","0.7861",631.5678,0.6296,NA,NA,"","",NA,NA,"Boraas 1985.csv"
"130","694.4915","0.9133",645.5508,0.4568,NA,NA,"","",NA,NA,"Boraas 1985.csv"
"131","699.1525","0.8902",654.8729,0.4321,NA,NA,"","",NA,NA,"Boraas 1985.csv"
"132","710.8051","0.5202",666.5254,0.358,NA,NA,"","",NA,NA,"Boraas 1985.csv"
"133","720.1271","0.763",678.178,0.3951,NA,NA,"","",NA,NA,"Boraas 1985.csv"
"134","727.1186","0.6012",685.1695,0.3951,NA,NA,"","",NA,NA,"Boraas 1985.csv"
"135","743.4322","0.3468",692.161,0.4568,NA,NA,"","",NA,NA,"Boraas 1985.csv"
"136","752.7542","0.3006",701.4831,0.3827,NA,NA,"","",NA,NA,"Boraas 1985.csv"
"137","766.7373","0.1965",713.1356,0.4815,NA,NA,"","",NA,NA,"Boraas 1985.csv"
"138","771.3983","0.1734",720.1271,0.5802,NA,NA,"","",NA,NA,"Boraas 1985.csv"
"139","780.7203","0.0809",729.4492,0.6049,NA,NA,"","",NA,NA,"Boraas 1985.csv"
"140","797.0339","0.0809",741.1017,0.7284,NA,NA,"","",NA,NA,"Boraas 1985.csv"
"141","801.6949","0.1272",752.7542,0.9383,NA,NA,"","",NA,NA,"Boraas 1985.csv"
"142","820.339","0.2543",764.4068,1.1481,NA,NA,"","",NA,NA,"Boraas 1985.csv"
"143","831.9915","0.289",769.0678,1.0864,NA,NA,"","",NA,NA,"Boraas 1985.csv"
"144","857.6271","0.1503",783.0508,1.1728,NA,NA,"","",NA,NA,"Boraas 1985.csv"
"145","887.9237","0.185",790.0424,1.0864,NA,NA,"","",NA,NA,"Boraas 1985.csv"
"146","908.8983","0.0925",801.6949,1,NA,NA,"","",NA,NA,"Boraas 1985.csv"
"147","927.5424","0.104",818.0085,0.8272,NA,NA,"","",NA,NA,"Boraas 1985.csv"
"148","955.5085","0.0809",831.9915,0.7654,NA,NA,"","",NA,NA,"Boraas 1985.csv"
"149","988.1356","0.1156",855.2966,0.7037,NA,NA,"","",NA,NA,"Boraas 1985.csv"
"150","1060.3814","0.0925",887.9237,0.8025,NA,NA,"","",NA,NA,"Boraas 1985.csv"
"151","1086.0169","0.104",906.5678,0.8519,NA,NA,"","",NA,NA,"Boraas 1985.csv"
"152","1100","0.1272",929.8729,1.0123,NA,NA,"","",NA,NA,"Boraas 1985.csv"
"153","","",955.5085,0.8642,NA,NA,"","",NA,NA,"Boraas 1985.csv"
"154","","",985.8051,0.9383,NA,NA,"","",NA,NA,"Boraas 1985.csv"
"155","","",1058.0508,1.037,NA,NA,"","",NA,NA,"Boraas 1985.csv"
"156","","",1081.3559,1.1235,NA,NA,"","",NA,NA,"Boraas 1985.csv"
"157","","",1100,1.0988,NA,NA,"","",NA,NA,"Boraas 1985.csv"
"158","731.669","0.31",725.271,0.446,-1,2,"5","3",50,0.0715,"Canale 1973.csv"
"159","736.868","0.278",733.669,0.49,NA,NA,"","",NA,NA,"Canale 1973.csv"
"160","746.466","0.451",734.869,0.533,NA,NA,"","",NA,NA,"Canale 1973.csv"
"161","751.665","0.589",739.268,0.456,NA,NA,"","",NA,NA,"Canale 1973.csv"
"162","758.464","0.712",741.667,0.332,NA,NA,"","",NA,NA,"Canale 1973.csv"
"163","764.463","0.761",744.067,0.271,NA,NA,"","",NA,NA,"Canale 1973.csv"
"164","775.661","0.359",750.466,0.209,NA,NA,"","",NA,NA,"Canale 1973.csv"
"165","778.46","0.336",754.065,0.242,NA,NA,"","",NA,NA,"Canale 1973.csv"
"166","785.259","0.381",759.664,0.315,NA,NA,"","",NA,NA,"Canale 1973.csv"
"167","787.658","0.412",764.463,0.406,NA,NA,"","",NA,NA,"Canale 1973.csv"
"168","799.256","0.371",772.461,0.563,NA,NA,"","",NA,NA,"Canale 1973.csv"
"169","804.855","0.533",774.461,0.549,NA,NA,"","",NA,NA,"Canale 1973.csv"
"170","806.054","0.566",778.46,0.609,NA,NA,"","",NA,NA,"Canale 1973.csv"
"171","810.853","0.599",782.459,0.625,NA,NA,"","",NA,NA,"Canale 1973.csv"
"172","817.252","0.579",787.658,0.581,NA,NA,"","",NA,NA,"Canale 1973.csv"
"173","817.652","0.381",789.258,0.541,NA,NA,"","",NA,NA,"Canale 1973.csv"
"174","823.251","0.356",791.257,0.386,NA,NA,"","",NA,NA,"Canale 1973.csv"
"175","827.65","0.595",795.257,0.493,NA,NA,"","",NA,NA,"Canale 1973.csv"
"176","832.449","0.547",798.856,0.44,NA,NA,"","",NA,NA,"Canale 1973.csv"
"177","835.248","0.641",804.455,0.482,NA,NA,"","",NA,NA,"Canale 1973.csv"
"178","840.447","0.567",806.854,0.483,NA,NA,"","",NA,NA,"Canale 1973.csv"
"179","844.047","0.653",812.053,0.458,NA,NA,"","",NA,NA,"Canale 1973.csv"
"180","848.446","0.62",816.052,0.466,NA,NA,"","",NA,NA,"Canale 1973.csv"
"181","852.045","0.632",818.052,0.49,NA,NA,"","",NA,NA,"Canale 1973.csv"
"182","855.244","0.637",822.051,0.504,NA,NA,"","",NA,NA,"Canale 1973.csv"
"183","868.042","0.527",827.65,0.485,NA,NA,"","",NA,NA,"Canale 1973.csv"
"184","876.84","0.524",831.249,0.532,NA,NA,"","",NA,NA,"Canale 1973.csv"
"185","877.24","0.543",836.848,0.51,NA,NA,"","",NA,NA,"Canale 1973.csv"
"186","883.638","0.409",838.848,0.482,NA,NA,"","",NA,NA,"Canale 1973.csv"
"187","886.838","0.46",843.647,0.501,NA,NA,"","",NA,NA,"Canale 1973.csv"
"188","894.436","0.446",846.046,0.518,NA,NA,"","",NA,NA,"Canale 1973.csv"
"189","898.036","0.464",851.245,0.571,NA,NA,"","",NA,NA,"Canale 1973.csv"
"190","902.835","0.452",852.445,0.587,NA,NA,"","",NA,NA,"Canale 1973.csv"
"191","907.234","0.5",859.643,0.587,NA,NA,"","",NA,NA,"Canale 1973.csv"
"192","912.433","0.362",862.843,0.547,NA,NA,"","",NA,NA,"Canale 1973.csv"
"193","914.432","0.343",866.442,0.608,NA,NA,"","",NA,NA,"Canale 1973.csv"
"194","920.031","0.329",870.041,0.632,NA,NA,"","",NA,NA,"Canale 1973.csv"
"195","925.63","0.408",874.04,0.676,NA,NA,"","",NA,NA,"Canale 1973.csv"
"196","932.029","0.343",880.039,0.643,NA,NA,"","",NA,NA,"Canale 1973.csv"
"197","940.827","0.321",882.439,0.628,NA,NA,"","",NA,NA,"Canale 1973.csv"
"198","946.426","0.433",886.838,0.609,NA,NA,"","",NA,NA,"Canale 1973.csv"
"199","952.424","0.371",890.437,0.605,NA,NA,"","",NA,NA,"Canale 1973.csv"
"200","955.624","0.494",893.236,0.617,NA,NA,"","",NA,NA,"Canale 1973.csv"
"201","958.823","0.374",897.636,0.635,NA,NA,"","",NA,NA,"Canale 1973.csv"
"202","961.622","0.358",902.035,0.678,NA,NA,"","",NA,NA,"Canale 1973.csv"
"203","966.422","0.354",906.034,0.694,NA,NA,"","",NA,NA,"Canale 1973.csv"
"204","971.62","0.431",910.033,0.617,NA,NA,"","",NA,NA,"Canale 1973.csv"
"205","974.42","0.297",915.232,0.637,NA,NA,"","",NA,NA,"Canale 1973.csv"
"206","979.619","0.365",919.631,0.628,NA,NA,"","",NA,NA,"Canale 1973.csv"
"207","984.018","0.355",922.83,0.644,NA,NA,"","",NA,NA,"Canale 1973.csv"
"208","986.417","0.343",926.43,0.618,NA,NA,"","",NA,NA,"Canale 1973.csv"
"209","992.016","0.308",930.829,0.633,NA,NA,"","",NA,NA,"Canale 1973.csv"
"210","994.816","0.271",934.428,0.62,NA,NA,"","",NA,NA,"Canale 1973.csv"
"211","999.615","0.347",939.627,0.653,NA,NA,"","",NA,NA,"Canale 1973.csv"
"212","1004.414","0.288",941.627,0.66,NA,NA,"","",NA,NA,"Canale 1973.csv"
"213","1006.413","0.316",946.026,0.668,NA,NA,"","",NA,NA,"Canale 1973.csv"
"214","1010.413","0.315",946.826,0.682,NA,NA,"","",NA,NA,"Canale 1973.csv"
"215","1015.611","0.259",949.225,0.682,NA,NA,"","",NA,NA,"Canale 1973.csv"
"216","1018.411","0.302",954.024,0.671,NA,NA,"","",NA,NA,"Canale 1973.csv"
"217","1022.41","0.202",959.223,0.659,NA,NA,"","",NA,NA,"Canale 1973.csv"
"218","1027.209","0.297",964.422,0.671,NA,NA,"","",NA,NA,"Canale 1973.csv"
"219","1032.408","0.228",966.821,0.664,NA,NA,"","",NA,NA,"Canale 1973.csv"
"220","1044.006","0.261",971.62,0.672,NA,NA,"","",NA,NA,"Canale 1973.csv"
"221","1048.005","0.297",974.02,0.672,NA,NA,"","",NA,NA,"Canale 1973.csv"
"222","1058.803","0.231",977.219,0.689,NA,NA,"","",NA,NA,"Canale 1973.csv"
"223","1058.403","0.282",984.018,0.645,NA,NA,"","",NA,NA,"Canale 1973.csv"
"224","1062.402","0.356",985.218,0.683,NA,NA,"","",NA,NA,"Canale 1973.csv"
"225","1072.4","0.446",990.017,0.678,NA,NA,"","",NA,NA,"Canale 1973.csv"
"226","1077.999","0.447",993.616,0.689,NA,NA,"","",NA,NA,"Canale 1973.csv"
"227","1081.998","0.42",997.615,0.685,NA,NA,"","",NA,NA,"Canale 1973.csv"
"228","1087.597","0.356",1005.214,0.698,NA,NA,"","",NA,NA,"Canale 1973.csv"
"229","1087.197","0.355",1009.213,0.68,NA,NA,"","",NA,NA,"Canale 1973.csv"
"230","1092.796","0.394",1013.212,0.678,NA,NA,"","",NA,NA,"Canale 1973.csv"
"231","1096.395","0.413",1020.011,0.699,NA,NA,"","",NA,NA,"Canale 1973.csv"
"232","1099.194","0.427",1022.81,0.682,NA,NA,"","",NA,NA,"Canale 1973.csv"
"233","1102.794","0.379",1029.609,0.689,NA,NA,"","",NA,NA,"Canale 1973.csv"
"234","1108.392","0.378",1034.408,0.679,NA,NA,"","",NA,NA,"Canale 1973.csv"
"235","1113.192","0.327",1039.207,0.69,NA,NA,"","",NA,NA,"Canale 1973.csv"
"236","1116.391","0.435",1040.806,0.683,NA,NA,"","",NA,NA,"Canale 1973.csv"
"237","1119.19","0.435",1043.606,0.697,NA,NA,"","",NA,NA,"Canale 1973.csv"
"238","1124.789","0.392",1048.005,0.694,NA,NA,"","",NA,NA,"Canale 1973.csv"
"239","1128.388","0.419",1054.004,0.712,NA,NA,"","",NA,NA,"Canale 1973.csv"
"240","1131.988","0.419",1056.803,0.666,NA,NA,"","",NA,NA,"Canale 1973.csv"
"241","1135.587","0.432",1059.603,0.648,NA,NA,"","",NA,NA,"Canale 1973.csv"
"242","1139.986","0.42",1064.002,0.648,NA,NA,"","",NA,NA,"Canale 1973.csv"
"243","1144.785","0.382",1066.401,0.621,NA,NA,"","",NA,NA,"Canale 1973.csv"
"244","1146.785","0.402",1072.4,0.598,NA,NA,"","",NA,NA,"Canale 1973.csv"
"245","1151.984","0.413",1077.599,0.61,NA,NA,"","",NA,NA,"Canale 1973.csv"
"246","","",1084.797,0.616,NA,NA,"","",NA,NA,"Canale 1973.csv"
"247","","",1086.397,0.624,NA,NA,"","",NA,NA,"Canale 1973.csv"
"248","","",1089.996,0.624,NA,NA,"","",NA,NA,"Canale 1973.csv"
"249","","",1091.596,0.624,NA,NA,"","",NA,NA,"Canale 1973.csv"
"250","","",1095.595,0.632,NA,NA,"","",NA,NA,"Canale 1973.csv"
"251","","",1099.994,0.643,NA,NA,"","",NA,NA,"Canale 1973.csv"
"252","","",1104.393,0.641,NA,NA,"","",NA,NA,"Canale 1973.csv"
"253","","",1105.193,0.641,NA,NA,"","",NA,NA,"Canale 1973.csv"
"254","","",1109.192,0.64,NA,NA,"","",NA,NA,"Canale 1973.csv"
"255","","",1111.992,0.664,NA,NA,"","",NA,NA,"Canale 1973.csv"
"256","","",1114.791,0.653,NA,NA,"","",NA,NA,"Canale 1973.csv"
"257","","",1120.39,0.663,NA,NA,"","",NA,NA,"Canale 1973.csv"
"258","","",1125.989,0.664,NA,NA,"","",NA,NA,"Canale 1973.csv"
"259","","",1128.788,0.649,NA,NA,"","",NA,NA,"Canale 1973.csv"
"260","","",1131.188,0.649,NA,NA,"","",NA,NA,"Canale 1973.csv"
"261","","",1133.587,0.67,NA,NA,"","",NA,NA,"Canale 1973.csv"
"262","","",1141.586,0.652,NA,NA,"","",NA,NA,"Canale 1973.csv"
"263","","",1145.185,0.652,NA,NA,"","",NA,NA,"Canale 1973.csv"
"264","","",1147.584,0.666,NA,NA,"","",NA,NA,"Canale 1973.csv"
"265","","",1151.583,0.663,NA,NA,"","",NA,NA,"Canale 1973.csv"
"266","-0.035399","8.147189",-0.018457,7.304571,0.01,2,"4","4",33,0.036,"Dulos 1984.csv"
"267","0.19249","8.431869",0.201826,7.218675,NA,NA,"","",NA,NA,"Dulos 1984.csv"
"268","0.526951","8.457856",0.496905,8.285211,NA,NA,"","",NA,NA,"Dulos 1984.csv"
"269","0.85208","4.260431",0.848181,8.84423,NA,NA,"","",NA,NA,"Dulos 1984.csv"
"270","1.779229","7.449963",1.14374,8.489432,NA,NA,"","",NA,NA,"Dulos 1984.csv"
"271","2.009579","7.414848",1.354971,8.220776,NA,NA,"","",NA,NA,"Dulos 1984.csv"
"272","2.221513","7.054822",1.790674,5.962658,NA,NA,"","",NA,NA,"Dulos 1984.csv"
"273","2.763846","7.2487",2.023435,6.973244,NA,NA,"","",NA,NA,"Dulos 1984.csv"
"274","2.983659","7.223718",2.259712,7.526977,NA,NA,"","",NA,NA,"Dulos 1984.csv"
"275","3.243547","7.427237",2.724826,6.883144,NA,NA,"","",NA,NA,"Dulos 1984.csv"
"276","3.796885","7.550069",3.228657,5.285055,NA,NA,"","",NA,NA,"Dulos 1984.csv"
"277","4.184066","7.520314",3.833504,5.509504,NA,NA,"","",NA,NA,"Dulos 1984.csv"
"278","4.729446","7.318255",4.228643,5.80464,NA,NA,"","",NA,NA,"Dulos 1984.csv"
"279","4.938294","7.359243",4.700493,7.003478,NA,NA,"","",NA,NA,"Dulos 1984.csv"
"280","5.159709","7.126139",4.92101,6.887125,NA,NA,"","",NA,NA,"Dulos 1984.csv"
"281","5.631296","7.000089",5.136879,7.374831,NA,NA,"","",NA,NA,"Dulos 1984.csv"
"282","5.944373","7.086952",5.63696,6.264051,NA,NA,"","",NA,NA,"Dulos 1984.csv"
"283","6.183697","7.244748",5.946649,5.432116,NA,NA,"","",NA,NA,"Dulos 1984.csv"
"284","6.663945","7.352219",6.201264,6.320912,NA,NA,"","",NA,NA,"Dulos 1984.csv"
"285","6.988261","7.337578",6.686278,5.809095,NA,NA,"","",NA,NA,"Dulos 1984.csv"
"286","7.638807","7.059567",7.038179,6.286896,NA,NA,"","",NA,NA,"Dulos 1984.csv"
"287","7.890737","6.938195",7.683451,6.694162,NA,NA,"","",NA,NA,"Dulos 1984.csv"
"288","8.178299","6.263582",7.722159,7.100327,NA,NA,"","",NA,NA,"Dulos 1984.csv"
"289","8.677784","6.589364",7.899554,7.151411,NA,NA,"","",NA,NA,"Dulos 1984.csv"
"290","8.680362","6.25434",8.189371,7.542804,NA,NA,"","",NA,NA,"Dulos 1984.csv"
"291","8.858226","6.24451",8.684765,7.041158,NA,NA,"","",NA,NA,"Dulos 1984.csv"
"292","9.213174","6.326372",8.882257,7.198878,NA,NA,"","",NA,NA,"Dulos 1984.csv"
"293","9.681988","6.560727",9.205948,7.265456,NA,NA,"","",NA,NA,"Dulos 1984.csv"
"294","9.976024","6.403898",10.021166,7.332924,NA,NA,"","",NA,NA,"Dulos 1984.csv"
"295","10.663675","6.740174",10.732038,7.369746,NA,NA,"","",NA,NA,"Dulos 1984.csv"
"296","11.23539","7.192992",11.236483,7.05086,NA,NA,"","",NA,NA,"Dulos 1984.csv"
"297","11.737961","7.11776",11.743937,6.341113,NA,NA,"","",NA,NA,"Dulos 1984.csv"
"298","12.168732","6.859655",12.226256,6.179549,NA,NA,"","",NA,NA,"Dulos 1984.csv"
"299","12.682542","6.68292",12.678802,5.809807,NA,NA,"","",NA,NA,"Dulos 1984.csv"
"300","13.15284","6.724382",13.174704,5.242172,NA,NA,"","",NA,NA,"Dulos 1984.csv"
"301","13.69529","6.903032",13.67915,4.923286,NA,NA,"","",NA,NA,"Dulos 1984.csv"
"302","13.966808","6.954286",NA,NA,NA,NA,"","",NA,NA,"Dulos 1984.csv"
"303","1.19","4.6",0.64,1.75,-2,2,"2","2",50,0,"Gause 1934.csv"
"304","2.1","8.41",1.03,1.11,NA,NA,"","",NA,NA,"Gause 1934.csv"
"305","3.02","15.4",2.1,0.48,NA,NA,"","",NA,NA,"Gause 1934.csv"
"306","4","26.19",3.18,1.43,NA,NA,"","",NA,NA,"Gause 1934.csv"
"307","5.07","56.35",4.03,5.24,NA,NA,"","",NA,NA,"Gause 1934.csv"
"308","5.98","27.78",5.01,6.19,NA,NA,"","",NA,NA,"Gause 1934.csv"
"309","7.09","10",6.15,32.22,NA,NA,"","",NA,NA,"Gause 1934.csv"
"310","8.07","3.97",7.03,29.05,NA,NA,"","",NA,NA,"Gause 1934.csv"
"311","9.05","2.06",8.01,16.67,NA,NA,"","",NA,NA,"Gause 1934.csv"
"312","10.03","1.75",8.98,13.49,NA,NA,"","",NA,NA,"Gause 1934.csv"
"313","11.1","6.19",10.09,5.24,NA,NA,"","",NA,NA,"Gause 1934.csv"
"314","12.08","16.03",11.04,1.43,NA,NA,"","",NA,NA,"Gause 1934.csv"
"315","13.06","28.41",11.95,1.75,NA,NA,"","",NA,NA,"Gause 1934.csv"
"316","14.01","18.89",13,3.97,NA,NA,"","",NA,NA,"Gause 1934.csv"
"317","15.08","1.43",14.07,29.05,NA,NA,"","",NA,NA,"Gause 1934.csv"
"318","16.13","1.43",15.08,39.21,NA,NA,"","",NA,NA,"Gause 1934.csv"
"319","17.14","1.43",15.96,19.84,NA,NA,"","",NA,NA,"Gause 1934.csv"
"320","","",17.1,10,NA,NA,"","",NA,NA,"Gause 1934.csv"
"321","1.909","151.223",4.771,138,-1,0.9,"1","2",33,0,"Huffaker 1958.csv"
"322","6.998","250.965",7.475,138.353,NA,NA,"","",NA,NA,"Huffaker 1958.csv"
"323","14.632","929.858",14.632,360.36,NA,NA,"","",NA,NA,"Huffaker 1958.csv"
"324","21.312","1467.181",21.63,1496.139,NA,NA,"","",NA,NA,"Huffaker 1958.csv"
"325","27.356","878.378",27.356,1911.197,NA,NA,"","",NA,NA,"Huffaker 1958.csv"
"326","36.421","344.273",36.262,904.118,NA,NA,"","",NA,NA,"Huffaker 1958.csv"
"327","38.807","305.663",38.648,859.073,NA,NA,"","",NA,NA,"Huffaker 1958.csv"
"328","46.123","228.443",46.123,466.538,NA,NA,"","",NA,NA,"Huffaker 1958.csv"
"329","53.757","270.27",52.485,366.795,NA,NA,"","",NA,NA,"Huffaker 1958.csv"
"330","59.324","276.705",59.324,324.968,NA,NA,"","",NA,NA,"Huffaker 1958.csv"
"331","66.799","392.535",66.799,112.613,NA,NA,"","",NA,NA,"Huffaker 1958.csv"
"332","73.479","508.365",73.479,112.613,NA,NA,"","",NA,NA,"Huffaker 1958.csv"
"333","81.113","604.891",80.477,331.403,NA,NA,"","",NA,NA,"Huffaker 1958.csv"
"334","86.68","1624.839",87.793,324.968,NA,NA,"","",NA,NA,"Huffaker 1958.csv"
"335","93.201","1772.844",93.837,1000.643,NA,NA,"","",NA,NA,"Huffaker 1958.csv"
"336","100.517","2101.03",100.835,945.946,NA,NA,"","",NA,NA,"Huffaker 1958.csv"
"337","106.083","1830.759",106.561,1444.659,NA,NA,"","",NA,NA,"Huffaker 1958.csv"
"338","110.696","1583.012",111.014,1142.214,NA,NA,"","",NA,NA,"Huffaker 1958.csv"
"339","118.012","768.983",117.853,1920.849,NA,NA,"","",NA,NA,"Huffaker 1958.csv"
"340","125.169","527.67",125.01,505.148,NA,NA,"","",NA,NA,"Huffaker 1958.csv"
"341","132.008","714.286",132.008,260.618,NA,NA,"","",NA,NA,"Huffaker 1958.csv"
"342","139.324","814.028",138.688,788.288,NA,NA,"","",NA,NA,"Huffaker 1958.csv"
"343","145.368","785.071",145.05,122.265,NA,NA,"","",NA,NA,"Huffaker 1958.csv"
"344","152.525","1190.476",152.684,74.003,NA,NA,"","",NA,NA,"Huffaker 1958.csv"
"345","159.364","2017.375",159.364,128.7,NA,NA,"","",NA,NA,"Huffaker 1958.csv"
"346","166.044","1817.889",166.362,90.09,NA,NA,"","",NA,NA,"Huffaker 1958.csv"
"347","173.837","1747.104",174.314,254.183,NA,NA,"","",NA,NA,"Huffaker 1958.csv"
"348","180.04","1879.022",180.199,765.766,NA,NA,"","",NA,NA,"Huffaker 1958.csv"
"349","187.038","1502.574",187.038,1496.139,NA,NA,"","",NA,NA,"Huffaker 1958.csv"
"350","194.195","543.758",193.241,2409.91,NA,NA,"","",NA,NA,"Huffaker 1958.csv"
"351","200.557","131.918",200.875,624.196,NA,NA,"","",NA,NA,"Huffaker 1958.csv"
"352","208.35","96.525",207.714,77.22,NA,NA,"","",NA,NA,"Huffaker 1958.csv"
"353","229.662","96.525",236.819,67.568,NA,NA,"","",NA,NA,"Huffaker 1958.csv"
"354","236.66","209.138",NA,NA,NA,NA,"","",NA,NA,"Huffaker 1958.csv"
"355","1","0.41",1,4.71,0.25,2,"1","1",33,0,"Jost 1973.csv"
"356","2","0.21",2,5.49,NA,NA,"","",NA,NA,"Jost 1973.csv"
"357","3","0.04",3,2.91,NA,NA,"","",NA,NA,"Jost 1973.csv"
"358","4","0.04",4,0.56,NA,NA,"","",NA,NA,"Jost 1973.csv"
"359","5","0.04",5,0.39,NA,NA,"","",NA,NA,"Jost 1973.csv"
"360","6","0.04",6,0.13,NA,NA,"","",NA,NA,"Jost 1973.csv"
"361","7","0.04",7,0.13,NA,NA,"","",NA,NA,"Jost 1973.csv"
"362","8","0.04",8,0.13,NA,NA,"","",NA,NA,"Jost 1973.csv"
"363","9","0.04",9,0.13,NA,NA,"","",NA,NA,"Jost 1973.csv"
"364","10","0.04",10,0.13,NA,NA,"","",NA,NA,"Jost 1973.csv"
"365","11","0.04",11,0.13,NA,NA,"","",NA,NA,"Jost 1973.csv"
"366","12","0.04",12,0.13,NA,NA,"","",NA,NA,"Jost 1973.csv"
"367","13","0.04",13,0.04,NA,NA,"","",NA,NA,"Jost 1973.csv"
"368","14","0.04",14,0.13,NA,NA,"","",NA,NA,"Jost 1973.csv"
"369","15","0.08",15,0.13,NA,NA,"","",NA,NA,"Jost 1973.csv"
"370","16","0.12",16,0.13,NA,NA,"","",NA,NA,"Jost 1973.csv"
"371","17","0.33",17,0.09,NA,NA,"","",NA,NA,"Jost 1973.csv"
"372","18","0.41",18,0.09,NA,NA,"","",NA,NA,"Jost 1973.csv"
"373","19","0.82",19,0.09,NA,NA,"","",NA,NA,"Jost 1973.csv"
"374","20","2.26",20,0.09,NA,NA,"","",NA,NA,"Jost 1973.csv"
"375","21","5.34",21,0.21,NA,NA,"","",NA,NA,"Jost 1973.csv"
"376","22","6.73",22,0.26,NA,NA,"","",NA,NA,"Jost 1973.csv"
"377","23","7.43",23,0.43,NA,NA,"","",NA,NA,"Jost 1973.csv"
"378","24","7.39",24,1.29,NA,NA,"","",NA,NA,"Jost 1973.csv"
"379","25","4.93",25,2.14,NA,NA,"","",NA,NA,"Jost 1973.csv"
"380","26","0.82",26,3.86,NA,NA,"","",NA,NA,"Jost 1973.csv"
"381","27","0.04",27,1.63,NA,NA,"","",NA,NA,"Jost 1973.csv"
"382","28","0.04",28,0.69,NA,NA,"","",NA,NA,"Jost 1973.csv"
"383","29","0.08",29,0.13,NA,NA,"","",NA,NA,"Jost 1973.csv"
"384","30","0.21",30,0.09,NA,NA,"","",NA,NA,"Jost 1973.csv"
"385","31","0.49",31,0.04,NA,NA,"","",NA,NA,"Jost 1973.csv"
"386","32","2.05",32,0.04,NA,NA,"","",NA,NA,"Jost 1973.csv"
"387","33","6.44",33,0.09,NA,NA,"","",NA,NA,"Jost 1973.csv"
"388","34","9.44",34,0.26,NA,NA,"","",NA,NA,"Jost 1973.csv"
"389","35","11.04",35,0.26,NA,NA,"","",NA,NA,"Jost 1973.csv"
"390","36","11.04",36,0.26,NA,NA,"","",NA,NA,"Jost 1973.csv"
"391","37","11.04",37,0.3,NA,NA,"","",NA,NA,"Jost 1973.csv"
"392","38","11.04",38,0.3,NA,NA,"","",NA,NA,"Jost 1973.csv"
"393","39","11.04",39,0.34,NA,NA,"","",NA,NA,"Jost 1973.csv"
"394","40","11.04",40,0.64,NA,NA,"","",NA,NA,"Jost 1973.csv"
"395","41","10.26",41,1.03,NA,NA,"","",NA,NA,"Jost 1973.csv"
"396","42","9.36",42,3.04,NA,NA,"","",NA,NA,"Jost 1973.csv"
"397","43","2.46",43,5.49,NA,NA,"","",NA,NA,"Jost 1973.csv"
"398","44","0.08",44,1.8,NA,NA,"","",NA,NA,"Jost 1973.csv"
"399","45","0.08",45,0.51,NA,NA,"","",NA,NA,"Jost 1973.csv"
"400","46","0.04",46,0.3,NA,NA,"","",NA,NA,"Jost 1973.csv"
"401","47","0.04",47,0.13,NA,NA,"","",NA,NA,"Jost 1973.csv"
"402","48","0.41",48,0.09,NA,NA,"","",NA,NA,"Jost 1973.csv"
"403","49","0.82",49,0.09,NA,NA,"","",NA,NA,"Jost 1973.csv"
"404","50","4.1",50,0.09,NA,NA,"","",NA,NA,"Jost 1973.csv"
"405","51","6.57",51,0.09,NA,NA,"","",NA,NA,"Jost 1973.csv"
"406","52","9.44",52,0.04,NA,NA,"","",NA,NA,"Jost 1973.csv"
"407","53","10.06",53,0.04,NA,NA,"","",NA,NA,"Jost 1973.csv"
"408","54","9.44",54,0.04,NA,NA,"","",NA,NA,"Jost 1973.csv"
"409","55","8.37",55,0.04,NA,NA,"","",NA,NA,"Jost 1973.csv"
"410","56","7.55",56,0.04,NA,NA,"","",NA,NA,"Jost 1973.csv"
"411","57","7.06",57,0.04,NA,NA,"","",NA,NA,"Jost 1973.csv"
"412","58","6.57",58,0.04,NA,NA,"","",NA,NA,"Jost 1973.csv"
"413","59","6.49",59,0.17,NA,NA,"","",NA,NA,"Jost 1973.csv"
"414","60","6.32",60,0.47,NA,NA,"","",NA,NA,"Jost 1973.csv"
"415","61","6.16",61,0.81,NA,NA,"","",NA,NA,"Jost 1973.csv"
"416","62","4.6",62,2.1,NA,NA,"","",NA,NA,"Jost 1973.csv"
"417","63","3.28",63,3,NA,NA,"","",NA,NA,"Jost 1973.csv"
"418","64","0.08",64,1.71,NA,NA,"","",NA,NA,"Jost 1973.csv"
"419","0.098","25.833",0.098,6.67,0.1,2,"8","4",33,0,"Luckinbill 1973.csv"
"420","1.027","81.667",1.541,39.167,NA,NA,"","",NA,NA,"Luckinbill 1973.csv"
"421","1.492","39.167",2.153,30.833,NA,NA,"","",NA,NA,"Luckinbill 1973.csv"
"422","2.104","32.5",3.107,47.5,NA,NA,"","",NA,NA,"Luckinbill 1973.csv"
"423","2.544","50.833",3.987,26.667,NA,NA,"","",NA,NA,"Luckinbill 1973.csv"
"424","3.131","27.5",4.501,34.167,NA,NA,"","",NA,NA,"Luckinbill 1973.csv"
"425","3.816","32.5",5.137,18.333,NA,NA,"","",NA,NA,"Luckinbill 1973.csv"
"426","4.208","48.333",5.944,20,NA,NA,"","",NA,NA,"Luckinbill 1973.csv"
"427","5.088","64.167",7.094,78.333,NA,NA,"","",NA,NA,"Luckinbill 1973.csv"
"428","5.651","106.667",8.366,29.167,NA,NA,"","",NA,NA,"Luckinbill 1973.csv"
"429","6.116","100.833",10.005,10,NA,NA,"","",NA,NA,"Luckinbill 1973.csv"
"430","6.874","30.833",11.669,85.833,NA,NA,"","",NA,NA,"Luckinbill 1973.csv"
"431","7.534","11.667",12.5,60,NA,NA,"","",NA,NA,"Luckinbill 1973.csv"
"432","8.66","49.167",13.039,65.833,NA,NA,"","",NA,NA,"Luckinbill 1973.csv"
"433","9.589","73.333",14.824,19.167,NA,NA,"","",NA,NA,"Luckinbill 1973.csv"
"434","10.079","236.667",15.925,22.5,NA,NA,"","",NA,NA,"Luckinbill 1973.csv"
"435","10.739","299.167",17.099,116.667,NA,NA,"","",NA,NA,"Luckinbill 1973.csv"
"436","11.13","160",17.54,100,NA,NA,"","",NA,NA,"Luckinbill 1973.csv"
"437","11.644","50.833",17.931,100,NA,NA,"","",NA,NA,"Luckinbill 1973.csv"
"438","12.085","21.667",19.423,17.5,NA,NA,"","",NA,NA,"Luckinbill 1973.csv"
"439","12.647","36.667",20.646,13.333,NA,NA,"","",NA,NA,"Luckinbill 1973.csv"
"440","13.699","16.667",21.992,43.333,NA,NA,"","",NA,NA,"Luckinbill 1973.csv"
"441","14.286","27.5",22.506,35,NA,NA,"","",NA,NA,"Luckinbill 1973.csv"
"442","15.191","90.833",23.533,70.833,NA,NA,"","",NA,NA,"Luckinbill 1973.csv"
"443","15.705","101.667",25.294,38.333,NA,NA,"","",NA,NA,"Luckinbill 1973.csv"
"444","16.635","222.5",26.444,13.333,NA,NA,"","",NA,NA,"Luckinbill 1973.csv"
"445","17.075","45",26.933,23.333,NA,NA,"","",NA,NA,"Luckinbill 1973.csv"
"446","17.466","20",27.349,15.833,NA,NA,"","",NA,NA,"Luckinbill 1973.csv"
"447","17.98","13.333",29.551,84.167,NA,NA,"","",NA,NA,"Luckinbill 1973.csv"
"448","19.277","31.667",30.089,52.5,NA,NA,"","",NA,NA,"Luckinbill 1973.csv"
"449","19.986","49.167",30.456,51.667,NA,NA,"","",NA,NA,"Luckinbill 1973.csv"
"450","21.136","161.667",31.288,16.667,NA,NA,"","",NA,NA,"Luckinbill 1973.csv"
"451","21.576","152.5",32.168,20.833,NA,NA,"","",NA,NA,"Luckinbill 1973.csv"
"452","22.065","107.5",32.878,50,NA,NA,"","",NA,NA,"Luckinbill 1973.csv"
"453","22.53","91.667",NA,NA,NA,NA,"","",NA,NA,"Luckinbill 1973.csv"
"454","23.117","98.333",NA,NA,NA,NA,"","",NA,NA,"Luckinbill 1973.csv"
"455","24.463","20",NA,NA,NA,NA,"","",NA,NA,"Luckinbill 1973.csv"
"456","25.906","41.667",NA,NA,NA,NA,"","",NA,NA,"Luckinbill 1973.csv"
"457","26.469","61.667",NA,NA,NA,NA,"","",NA,NA,"Luckinbill 1973.csv"
"458","27.667","233.333",NA,NA,NA,NA,"","",NA,NA,"Luckinbill 1973.csv"
"459","28.034","115.833",NA,NA,NA,NA,"","",NA,NA,"Luckinbill 1973.csv"
"460","28.499","125",NA,NA,NA,NA,"","",NA,NA,"Luckinbill 1973.csv"
"461","29.086","77.5",NA,NA,NA,NA,"","",NA,NA,"Luckinbill 1973.csv"
"462","29.282","35.833",NA,NA,NA,NA,"","",NA,NA,"Luckinbill 1973.csv"
"463","29.942","12.5",NA,NA,NA,NA,"","",NA,NA,"Luckinbill 1973.csv"
"464","30.921","19.167",NA,NA,NA,NA,"","",NA,NA,"Luckinbill 1973.csv"
"465","31.337","51.667",NA,NA,NA,NA,"","",NA,NA,"Luckinbill 1973.csv"
"466","31.875","61.667",NA,NA,NA,NA,"","",NA,NA,"Luckinbill 1973.csv"
"467","32.927","203.333",NA,NA,NA,NA,"","",NA,NA,"Luckinbill 1973.csv"
"468","0.033","11.234",1.011,2.96e-05,0.3,2,"4","2",33,0,"Luckinbill 1974.csv"
"469","0.881","27.753",6.035,43.612,NA,NA,"","",NA,NA,"Luckinbill 1974.csv"
"470","3.947","66.74",7.177,28.414,NA,NA,"","",NA,NA,"Luckinbill 1974.csv"
"471","6.003","48.899",9.036,21.806,NA,NA,"","",NA,NA,"Luckinbill 1974.csv"
"472","8.808","153.965",10.733,72.687,NA,NA,"","",NA,NA,"Luckinbill 1974.csv"
"473","9.787","160.573",11.842,72.687,NA,NA,"","",NA,NA,"Luckinbill 1974.csv"
"474","10.668","148.018",12.886,49.56,NA,NA,"","",NA,NA,"Luckinbill 1974.csv"
"475","11.711","124.89",16.05,13.877,NA,NA,"","",NA,NA,"Luckinbill 1974.csv"
"476","12.853","76.652",17.877,49.56,NA,NA,"","",NA,NA,"Luckinbill 1974.csv"
"477","13.864","71.366",19.9,6.608,NA,NA,"","",NA,NA,"Luckinbill 1974.csv"
"478","14.941","87.225",21.074,9.912,NA,NA,"","",NA,NA,"Luckinbill 1974.csv"
"479","15.757","140.749",22.02,39.648,NA,NA,"","",NA,NA,"Luckinbill 1974.csv"
"480","16.801","127.533",22.934,87.886,NA,NA,"","",NA,NA,"Luckinbill 1974.csv"
"481","17.942","35.022",23.945,23.789,NA,NA,"","",NA,NA,"Luckinbill 1974.csv"
"482","18.856","35.683",25.837,2.643,NA,NA,"","",NA,NA,"Luckinbill 1974.csv"
"483","20.878","208.811",NA,NA,NA,NA,"","",NA,NA,"Luckinbill 1974.csv"
"484","21.824","187.665",NA,NA,NA,NA,"","",NA,NA,"Luckinbill 1974.csv"
"485","22.836","63.436",NA,NA,NA,NA,"","",NA,NA,"Luckinbill 1974.csv"
"486","23.88","82.599",NA,NA,NA,NA,"","",NA,NA,"Luckinbill 1974.csv"
"487","24.826","124.229",NA,NA,NA,NA,"","",NA,NA,"Luckinbill 1974.csv"
"488","25.87","224.009",NA,NA,NA,NA,"","",NA,NA,"Luckinbill 1974.csv"
"489","1","16.89",1,0.05,0.42,2,"4","4",33,3,"Tsuchiya 1972 set A.csv"
"490","2","14.11",2,0.16,NA,NA,"","",NA,NA,"Tsuchiya 1972 set A.csv"
"491","3","16.14",3,0.16,NA,NA,"","",NA,NA,"Tsuchiya 1972 set A.csv"
"492","4","13.89",4,0.26,NA,NA,"","",NA,NA,"Tsuchiya 1972 set A.csv"
"493","5","10.69",5,0.94,NA,NA,"","",NA,NA,"Tsuchiya 1972 set A.csv"
"494","6","6.73",6,1.05,NA,NA,"","",NA,NA,"Tsuchiya 1972 set A.csv"
"495","7","9.4",7,0.26,NA,NA,"","",NA,NA,"Tsuchiya 1972 set A.csv"
"496","8","11.76",8,0.52,NA,NA,"","",NA,NA,"Tsuchiya 1972 set A.csv"
"497","9","13.89",9,0.58,NA,NA,"","",NA,NA,"Tsuchiya 1972 set A.csv"
"498","10","15.07",10,0.58,NA,NA,"","",NA,NA,"Tsuchiya 1972 set A.csv"
"499","11","12.61",11,0.68,NA,NA,"","",NA,NA,"Tsuchiya 1972 set A.csv"
"500","12","1.28",12,0.84,NA,NA,"","",NA,NA,"Tsuchiya 1972 set A.csv"
"501","13","10.05",13,1.57,NA,NA,"","",NA,NA,"Tsuchiya 1972 set A.csv"
"502","14","12.82",14,3.19,NA,NA,"","",NA,NA,"Tsuchiya 1972 set A.csv"
"503","15","14.64",15,2.62,NA,NA,"","",NA,NA,"Tsuchiya 1972 set A.csv"
"504","16","5.13",16,1.05,NA,NA,"","",NA,NA,"Tsuchiya 1972 set A.csv"
"505","17","5.24",17,0.68,NA,NA,"","",NA,NA,"Tsuchiya 1972 set A.csv"
"506","18","4.38",18,1.47,NA,NA,"","",NA,NA,"Tsuchiya 1972 set A.csv"
"507","19","2.14",19,1.52,NA,NA,"","",NA,NA,"Tsuchiya 1972 set A.csv"
"508","20","0.53",20,2.62,NA,NA,"","",NA,NA,"Tsuchiya 1972 set A.csv"
"509","21","2.14",21,3.66,NA,NA,"","",NA,NA,"Tsuchiya 1972 set A.csv"
"510","22","5.13",22,0.05,NA,NA,"","",NA,NA,"Tsuchiya 1972 set A.csv"
"511","23","9.08",23,0.1,NA,NA,"","",NA,NA,"Tsuchiya 1972 set A.csv"
"512","24","13.89",24,0.52,NA,NA,"","",NA,NA,"Tsuchiya 1972 set A.csv"
"513","25","11.76",25,1.31,NA,NA,"","",NA,NA,"Tsuchiya 1972 set A.csv"
"514","26","7.48",26,2.62,NA,NA,"","",NA,NA,"Tsuchiya 1972 set A.csv"
"515","27","0.21",27,6.17,NA,NA,"","",NA,NA,"Tsuchiya 1972 set A.csv"
"516","28","0.32",28,1.52,NA,NA,"","",NA,NA,"Tsuchiya 1972 set A.csv"
"517","29","0.85",29,0.26,NA,NA,"","",NA,NA,"Tsuchiya 1972 set A.csv"
"518","30","1.28",30,0.05,NA,NA,"","",NA,NA,"Tsuchiya 1972 set A.csv"
"519","31","9.62",31,0.1,NA,NA,"","",NA,NA,"Tsuchiya 1972 set A.csv"
"520","32","14.96",32,0.94,NA,NA,"","",NA,NA,"Tsuchiya 1972 set A.csv"
"521","33","8.55",33,2.09,NA,NA,"","",NA,NA,"Tsuchiya 1972 set A.csv"
"522","34","2.14",34,6.91,NA,NA,"","",NA,NA,"Tsuchiya 1972 set A.csv"
"523","35","1.07",35,5.23,NA,NA,"","",NA,NA,"Tsuchiya 1972 set A.csv"
"524","36","0.85",36,2.09,NA,NA,"","",NA,NA,"Tsuchiya 1972 set A.csv"
"525","37","14.64",37,0.05,NA,NA,"","",NA,NA,"Tsuchiya 1972 set A.csv"
"526","38","15.6",38,0.1,NA,NA,"","",NA,NA,"Tsuchiya 1972 set A.csv"
"527","39","15.82",39,0.21,NA,NA,"","",NA,NA,"Tsuchiya 1972 set A.csv"
"528","40","14.96",40,0.31,NA,NA,"","",NA,NA,"Tsuchiya 1972 set A.csv"
"529","41","15.28",41,0.42,NA,NA,"","",NA,NA,"Tsuchiya 1972 set A.csv"
"530","42","14.85",42,0.52,NA,NA,"","",NA,NA,"Tsuchiya 1972 set A.csv"
"531","43","14.11",43,0.58,NA,NA,"","",NA,NA,"Tsuchiya 1972 set A.csv"
"532","44","13.04",44,0.94,NA,NA,"","",NA,NA,"Tsuchiya 1972 set A.csv"
"533","45","12.61",45,1.05,NA,NA,"","",NA,NA,"Tsuchiya 1972 set A.csv"
"534","46","10.9",46,1.62,NA,NA,"","",NA,NA,"Tsuchiya 1972 set A.csv"
"535","47","9.19",47,3.45,NA,NA,"","",NA,NA,"Tsuchiya 1972 set A.csv"
"536","48","5.56",48,6.8,NA,NA,"","",NA,NA,"Tsuchiya 1972 set A.csv"
"537","49","0.11",49,5.76,NA,NA,"","",NA,NA,"Tsuchiya 1972 set A.csv"
"538","50","3.21",50,3.09,NA,NA,"","",NA,NA,"Tsuchiya 1972 set A.csv"
"539","51","9.4",51,0.05,NA,NA,"","",NA,NA,"Tsuchiya 1972 set A.csv"
"540","52","12.82",52,0.1,NA,NA,"","",NA,NA,"Tsuchiya 1972 set A.csv"
"541","1","17.1",1,0.27,0.2,2,"3","5",33,1.5,"Tsuchiya 1972 set B.csv"
"542","2","15.28",2,0.21,NA,NA,"","",NA,NA,"Tsuchiya 1972 set B.csv"
"543","3","16.03",3,0.21,NA,NA,"","",NA,NA,"Tsuchiya 1972 set B.csv"
"544","4","16.03",4,0.21,NA,NA,"","",NA,NA,"Tsuchiya 1972 set B.csv"
"545","5","14.64",5,0.05,NA,NA,"","",NA,NA,"Tsuchiya 1972 set B.csv"
"546","6","13.89",6,0.05,NA,NA,"","",NA,NA,"Tsuchiya 1972 set B.csv"
"547","7","13.57",7,0.11,NA,NA,"","",NA,NA,"Tsuchiya 1972 set B.csv"
"548","8","14.11",8,0.11,NA,NA,"","",NA,NA,"Tsuchiya 1972 set B.csv"
"549","9","14.96",9,0.16,NA,NA,"","",NA,NA,"Tsuchiya 1972 set B.csv"
"550","10","14.85",10,0.27,NA,NA,"","",NA,NA,"Tsuchiya 1972 set B.csv"
"551","11","12.93",11,0.53,NA,NA,"","",NA,NA,"Tsuchiya 1972 set B.csv"
"552","12","12.93",12,1.6,NA,NA,"","",NA,NA,"Tsuchiya 1972 set B.csv"
"553","13","3.1",13,4.79,NA,NA,"","",NA,NA,"Tsuchiya 1972 set B.csv"
"554","14","0.85",14,1.38,NA,NA,"","",NA,NA,"Tsuchiya 1972 set B.csv"
"555","15","1.18",15,0.59,NA,NA,"","",NA,NA,"Tsuchiya 1972 set B.csv"
"556","16","3.21",16,0.11,NA,NA,"","",NA,NA,"Tsuchiya 1972 set B.csv"
"557","17","9.83",17,1.07,NA,NA,"","",NA,NA,"Tsuchiya 1972 set B.csv"
"558","18","3.21",18,5.33,NA,NA,"","",NA,NA,"Tsuchiya 1972 set B.csv"
"559","19","0.21",19,3.2,NA,NA,"","",NA,NA,"Tsuchiya 1972 set B.csv"
"560","20","0.11",20,0.59,NA,NA,"","",NA,NA,"Tsuchiya 1972 set B.csv"
"561","21","0.21",21,0.11,NA,NA,"","",NA,NA,"Tsuchiya 1972 set B.csv"
"562","22","1.39",22,0.05,NA,NA,"","",NA,NA,"Tsuchiya 1972 set B.csv"
"563","23","6.2",23,0.05,NA,NA,"","",NA,NA,"Tsuchiya 1972 set B.csv"
"564","24","10.69",24,0.48,NA,NA,"","",NA,NA,"Tsuchiya 1972 set B.csv"
"565","25","7.48",25,3.14,NA,NA,"","",NA,NA,"Tsuchiya 1972 set B.csv"
"566","26","0.32",26,5.91,NA,NA,"","",NA,NA,"Tsuchiya 1972 set B.csv"
"567","27","0.21",27,1.01,NA,NA,"","",NA,NA,"Tsuchiya 1972 set B.csv"
"568","28","1.07",28,0.16,NA,NA,"","",NA,NA,"Tsuchiya 1972 set B.csv"
"569","29","4.27",29,0.05,NA,NA,"","",NA,NA,"Tsuchiya 1972 set B.csv"
"570","30","12.5",30,0.05,NA,NA,"","",NA,NA,"Tsuchiya 1972 set B.csv"
"571","31","12.61",31,0.16,NA,NA,"","",NA,NA,"Tsuchiya 1972 set B.csv"
"572","32","12.72",32,0.75,NA,NA,"","",NA,NA,"Tsuchiya 1972 set B.csv"
"573","33","12.82",33,1.01,NA,NA,"","",NA,NA,"Tsuchiya 1972 set B.csv"
"574","34","10.26",34,2.66,NA,NA,"","",NA,NA,"Tsuchiya 1972 set B.csv"
"575","35","6.63",35,3.78,NA,NA,"","",NA,NA,"Tsuchiya 1972 set B.csv"
"576","36","7.48",36,2.66,NA,NA,"","",NA,NA,"Tsuchiya 1972 set B.csv"
"577","37","8.55",37,2.08,NA,NA,"","",NA,NA,"Tsuchiya 1972 set B.csv"
"578","38","10.69",38,1.44,NA,NA,"","",NA,NA,"Tsuchiya 1972 set B.csv"
"579","39","12.08",39,1.07,NA,NA,"","",NA,NA,"Tsuchiya 1972 set B.csv"
"580","40","11.97",40,1.07,NA,NA,"","",NA,NA,"Tsuchiya 1972 set B.csv"
"581","41","10.69",41,1.12,NA,NA,"","",NA,NA,"Tsuchiya 1972 set B.csv"
"582","42","8.55",42,1.33,NA,NA,"","",NA,NA,"Tsuchiya 1972 set B.csv"
"583","43","5.34",43,2.08,NA,NA,"","",NA,NA,"Tsuchiya 1972 set B.csv"
"584","44","6.63",44,2.13,NA,NA,"","",NA,NA,"Tsuchiya 1972 set B.csv"
"585","45","7.69",45,2.18,NA,NA,"","",NA,NA,"Tsuchiya 1972 set B.csv"
"586","46","8.55",46,2.24,NA,NA,"","",NA,NA,"Tsuchiya 1972 set B.csv"
"587","47","8.76",47,2.61,NA,NA,"","",NA,NA,"Tsuchiya 1972 set B.csv"
"588","48","8.76",48,2.82,NA,NA,"","",NA,NA,"Tsuchiya 1972 set B.csv"
"589","49","8.66",49,3.62,NA,NA,"","",NA,NA,"Tsuchiya 1972 set B.csv"
"590","50","8.12",50,3.36,NA,NA,"","",NA,NA,"Tsuchiya 1972 set B.csv"
"591","1","16.15",1,0.05,0.12,2,"6","6",33,0.75,"Tsuchiya 1972 set C.csv"
"592","2","14",2,0.16,NA,NA,"","",NA,NA,"Tsuchiya 1972 set C.csv"
"593","3","13.89",3,0.33,NA,NA,"","",NA,NA,"Tsuchiya 1972 set C.csv"
"594","4","12.82",4,0.6,NA,NA,"","",NA,NA,"Tsuchiya 1972 set C.csv"
"595","5","13.14",5,0.16,NA,NA,"","",NA,NA,"Tsuchiya 1972 set C.csv"
"596","6","16.15",6,0.27,NA,NA,"","",NA,NA,"Tsuchiya 1972 set C.csv"
"597","7","12.17",7,0.27,NA,NA,"","",NA,NA,"Tsuchiya 1972 set C.csv"
"598","8","12.92",8,0.44,NA,NA,"","",NA,NA,"Tsuchiya 1972 set C.csv"
"599","9","11.63",9,1.58,NA,NA,"","",NA,NA,"Tsuchiya 1972 set C.csv"
"600","10","3.23",10,7.09,NA,NA,"","",NA,NA,"Tsuchiya 1972 set C.csv"
"601","11","0.86",11,4.36,NA,NA,"","",NA,NA,"Tsuchiya 1972 set C.csv"
"602","12","0.22",12,2.18,NA,NA,"","",NA,NA,"Tsuchiya 1972 set C.csv"
"603","13","2.15",13,0.65,NA,NA,"","",NA,NA,"Tsuchiya 1972 set C.csv"
"604","14","6.03",14,1.64,NA,NA,"","",NA,NA,"Tsuchiya 1972 set C.csv"
"605","15","0.86",15,4.8,NA,NA,"","",NA,NA,"Tsuchiya 1972 set C.csv"
"606","16","0.11",16,4.31,NA,NA,"","",NA,NA,"Tsuchiya 1972 set C.csv"
"607","17","0.22",17,1.64,NA,NA,"","",NA,NA,"Tsuchiya 1972 set C.csv"
"608","18","2.15",18,0.65,NA,NA,"","",NA,NA,"Tsuchiya 1972 set C.csv"
"609","19","10.98",19,0.6,NA,NA,"","",NA,NA,"Tsuchiya 1972 set C.csv"
"610","20","2.8",20,5.4,NA,NA,"","",NA,NA,"Tsuchiya 1972 set C.csv"
"611","21","0.54",21,4.91,NA,NA,"","",NA,NA,"Tsuchiya 1972 set C.csv"
"612","22","2.15",22,2.35,NA,NA,"","",NA,NA,"Tsuchiya 1972 set C.csv"
"613","23","7.54",23,1.75,NA,NA,"","",NA,NA,"Tsuchiya 1972 set C.csv"
"614","24","9.58",24,1.25,NA,NA,"","",NA,NA,"Tsuchiya 1972 set C.csv"
"615","25","6.78",25,1.09,NA,NA,"","",NA,NA,"Tsuchiya 1972 set C.csv"
"616","26","7.65",26,0.93,NA,NA,"","",NA,NA,"Tsuchiya 1972 set C.csv"
"617","27","11.85",27,0.71,NA,NA,"","",NA,NA,"Tsuchiya 1972 set C.csv"
"618","28","11.95",28,0.55,NA,NA,"","",NA,NA,"Tsuchiya 1972 set C.csv"
"619","29","12.17",29,0.49,NA,NA,"","",NA,NA,"Tsuchiya 1972 set C.csv"
"620","30","12.92",30,0.27,NA,NA,"","",NA,NA,"Tsuchiya 1972 set C.csv"
"621","31","12.6",31,0.27,NA,NA,"","",NA,NA,"Tsuchiya 1972 set C.csv"
"622","32","13.25",32,0.49,NA,NA,"","",NA,NA,"Tsuchiya 1972 set C.csv"
"623","33","13.25",33,0.65,NA,NA,"","",NA,NA,"Tsuchiya 1972 set C.csv"
"624","34","10.77",34,1.64,NA,NA,"","",NA,NA,"Tsuchiya 1972 set C.csv"
"625","35","7.97",35,2.62,NA,NA,"","",NA,NA,"Tsuchiya 1972 set C.csv"
"626","36","6.46",36,3.22,NA,NA,"","",NA,NA,"Tsuchiya 1972 set C.csv"
"627","37","3.66",37,3.6,NA,NA,"","",NA,NA,"Tsuchiya 1972 set C.csv"
"628","38","5.28",38,3.38,NA,NA,"","",NA,NA,"Tsuchiya 1972 set C.csv"
"629","39","7.54",39,2.78,NA,NA,"","",NA,NA,"Tsuchiya 1972 set C.csv"
"630","40","8.62",40,1.85,NA,NA,"","",NA,NA,"Tsuchiya 1972 set C.csv"
"631","41","8.94",41,1.31,NA,NA,"","",NA,NA,"Tsuchiya 1972 set C.csv"
"632","42","9.37",42,0.98,NA,NA,"","",NA,NA,"Tsuchiya 1972 set C.csv"
"633","43","9.69",43,0.65,NA,NA,"","",NA,NA,"Tsuchiya 1972 set C.csv"
"634","44","10.66",44,0.71,NA,NA,"","",NA,NA,"Tsuchiya 1972 set C.csv"
"635","45","11.09",45,0.65,NA,NA,"","",NA,NA,"Tsuchiya 1972 set C.csv"
"636","46","11.95",46,0.55,NA,NA,"","",NA,NA,"Tsuchiya 1972 set C.csv"
"637","47","12.71",47,0.33,NA,NA,"","",NA,NA,"Tsuchiya 1972 set C.csv"
"638","48","13.89",48,0.22,NA,NA,"","",NA,NA,"Tsuchiya 1972 set C.csv"
"639","49","14.86",49,0.11,NA,NA,"","",NA,NA,"Tsuchiya 1972 set C.csv"
"640","50","15.08",50,0.11,NA,NA,"","",NA,NA,"Tsuchiya 1972 set C.csv"
"641","1","54",1,13,-1,2,"4","4",50,0,"Utida 1957 set A.csv"
"642","2","379",2,89,NA,NA,"","",NA,NA,"Utida 1957 set A.csv"
"643","3","375",3,491,NA,NA,"","",NA,NA,"Utida 1957 set A.csv"
"644","4","134",4,848,NA,NA,"","",NA,NA,"Utida 1957 set A.csv"
"645","5","13",5,571,NA,NA,"","",NA,NA,"Utida 1957 set A.csv"
"646","6","9",6,187,NA,NA,"","",NA,NA,"Utida 1957 set A.csv"
"647","7","67",7,112,NA,NA,"","",NA,NA,"Utida 1957 set A.csv"
"648","8","665",8,107,NA,NA,"","",NA,NA,"Utida 1957 set A.csv"
"649","9","558",9,161,NA,NA,"","",NA,NA,"Utida 1957 set A.csv"
"650","10","446",10,361,NA,NA,"","",NA,NA,"Utida 1957 set A.csv"
"651","11","49",11,1271,NA,NA,"","",NA,NA,"Utida 1957 set A.csv"
"652","12","13",12,263,NA,NA,"","",NA,NA,"Utida 1957 set A.csv"
"653","13","31",13,49,NA,NA,"","",NA,NA,"Utida 1957 set A.csv"
"654","14","339",14,67,NA,NA,"","",NA,NA,"Utida 1957 set A.csv"
"655","15","821",15,4,NA,NA,"","",NA,NA,"Utida 1957 set A.csv"
"656","1","513",1,129,0.1,2,"3","4",33,0,"Utida 1957 set B.csv"
"657","2","201",2,125,NA,NA,"","",NA,NA,"Utida 1957 set B.csv"
"658","3","290",3,352,NA,NA,"","",NA,NA,"Utida 1957 set B.csv"
"659","4","112",4,647,NA,NA,"","",NA,NA,"Utida 1957 set B.csv"
"660","5","49",5,468,NA,NA,"","",NA,NA,"Utida 1957 set B.csv"
"661","6","143",6,178,NA,NA,"","",NA,NA,"Utida 1957 set B.csv"
"662","7","558",7,214,NA,NA,"","",NA,NA,"Utida 1957 set B.csv"
"663","8","366",8,272,NA,NA,"","",NA,NA,"Utida 1957 set B.csv"
"664","9","107",9,620,NA,NA,"","",NA,NA,"Utida 1957 set B.csv"
"665","10","13",10,575,NA,NA,"","",NA,NA,"Utida 1957 set B.csv"
"666","11","22",11,317,NA,NA,"","",NA,NA,"Utida 1957 set B.csv"
"667","12","40",12,161,NA,NA,"","",NA,NA,"Utida 1957 set B.csv"
"668","13","401",13,138,NA,NA,"","",NA,NA,"Utida 1957 set B.csv"
"669","14","393",14,210,NA,NA,"","",NA,NA,"Utida 1957 set B.csv"
"670","15","228",15,357,NA,NA,"","",NA,NA,"Utida 1957 set B.csv"
"671","16","192",16,486,NA,NA,"","",NA,NA,"Utida 1957 set B.csv"
"672","17","36",17,593,NA,NA,"","",NA,NA,"Utida 1957 set B.csv"
"673","18","18",18,277,NA,NA,"","",NA,NA,"Utida 1957 set B.csv"
"674","19","214",19,112,NA,NA,"","",NA,NA,"Utida 1957 set B.csv"
"675","20","531",20,125,NA,NA,"","",NA,NA,"Utida 1957 set B.csv"
"676","21","410",21,183,NA,NA,"","",NA,NA,"Utida 1957 set B.csv"
"677","22","459",22,219,NA,NA,"","",NA,NA,"Utida 1957 set B.csv"
"678","23","94",23,839,NA,NA,"","",NA,NA,"Utida 1957 set B.csv"
"679","24","54",24,638,NA,NA,"","",NA,NA,"Utida 1957 set B.csv"
"680","25","49",25,321,NA,NA,"","",NA,NA,"Utida 1957 set B.csv"
"681","26","168",26,261,NA,NA,"","",NA,NA,"Utida 1957 set B.csv"
"682","27","131",27,307,NA,NA,"","",NA,NA,"Utida 1957 set B.csv"
"683","28","556",28,265,NA,NA,"","",NA,NA,"Utida 1957 set B.csv"
"684","29","434",29,358,NA,NA,"","",NA,NA,"Utida 1957 set B.csv"
"685","30","168",30,653,NA,NA,"","",NA,NA,"Utida 1957 set B.csv"
"686","0","8.402",0,3.154,0.1,2,"1","1",50,0.04,"van den Ende 1973.csv"
"687","26.409","5.781",28.174,4.481,NA,NA,"","",NA,NA,"van den Ende 1973.csv"
"688","49.356","5.302",50.238,4.717,NA,NA,"","",NA,NA,"van den Ende 1973.csv"
"689","74.951","5.657",75.833,4.185,NA,NA,"","",NA,NA,"van den Ende 1973.csv"
"690","125.258","5.893",126.141,4.468,NA,NA,"","",NA,NA,"van den Ende 1973.csv"
"691","147.323","5.716",147.323,4.35,NA,NA,"","",NA,NA,"van den Ende 1973.csv"
"692","168.505","6.602",171.152,4.061,NA,NA,"","",NA,NA,"van den Ende 1973.csv"
"693","194.982","6.95",194.1,3.896,NA,NA,"","",NA,NA,"van den Ende 1973.csv"
"694","218.812","6.655",220.577,3.64,NA,NA,"","",NA,NA,"van den Ende 1973.csv"
"695","241.759","6.307",243.524,3.424,NA,NA,"","",NA,NA,"van den Ende 1973.csv"
"696","265.589","6.3",265.589,3.936,NA,NA,"","",NA,NA,"van den Ende 1973.csv"
"697","320.309","6.136",320.309,4.665,NA,NA,"","",NA,NA,"van den Ende 1973.csv"
"698","339.726","5.63",339.726,4.796,NA,NA,"","",NA,NA,"van den Ende 1973.csv"
"699","361.791","5.505",360.908,4.796,NA,NA,"","",NA,NA,"van den Ende 1973.csv"
"700","386.503","4.796",383.855,4.566,NA,NA,"","",NA,NA,"van den Ende 1973.csv"
"701","408.568","5.486",408.568,4.533,NA,NA,"","",NA,NA,"van den Ende 1973.csv"
"702","477.409","5.873",481.822,4.291,NA,NA,"","",NA,NA,"van den Ende 1973.csv"
"703","504.769","5.571",503.887,4.015,NA,NA,"","",NA,NA,"van den Ende 1973.csv"
"704","528.599","5.433",530.364,4.008,NA,NA,"","",NA,NA,"van den Ende 1973.csv"
"705","554.194","5.348",555.959,3.995,NA,NA,"","",NA,NA,"van den Ende 1973.csv"
"706","601.854","4.461",602.736,4.126,NA,NA,"","",NA,NA,"van den Ende 1973.csv"
"707","647.748","5.322",649.513,3.785,NA,NA,"","",NA,NA,"van den Ende 1973.csv"
"708","671.578","5.689",675.108,3.877,NA,NA,"","",NA,NA,"van den Ende 1973.csv"
"709","689.229","5.991",690.995,3.831,NA,NA,"","",NA,NA,"van den Ende 1973.csv"
"710","718.355","5.834",721.002,3.929,NA,NA,"","",NA,NA,"van den Ende 1973.csv"
"711","748.362","4.396",746.597,4.468,NA,NA,"","",NA,NA,"van den Ende 1973.csv"
"712","769.545","4.35",768.662,4.481,NA,NA,"","",NA,NA,"van den Ende 1973.csv"
"713","818.087","4.77",817.204,4.507,NA,NA,"","",NA,NA,"van den Ende 1973.csv"
"714","840.151","4.974",840.151,4.093,NA,NA,"","",NA,NA,"van den Ende 1973.csv"
"715","866.629","5.131",862.216,3.962,NA,NA,"","",NA,NA,"van den Ende 1973.csv"
"716","887.811","4.987",887.811,3.896,NA,NA,"","",NA,NA,"van den Ende 1973.csv"
"717","915.171","4.698",914.288,4.264,NA,NA,"","",NA,NA,"van den Ende 1973.csv"
"718","945.179","4.704",944.296,4.304,NA,NA,"","",NA,NA,"van den Ende 1973.csv"
"719","990.191","4.868",990.191,3.949,NA,NA,"","",NA,NA,"van den Ende 1973.csv"
"720","1009.607","4.829",1011.373,3.975,NA,NA,"","",NA,NA,"van den Ende 1973.csv"
"721","1039.615","4.79",1043.146,4.028,NA,NA,"","",NA,NA,"van den Ende 1973.csv"
"722","1070.506","4.79",1073.154,4.002,NA,NA,"","",NA,NA,"van den Ende 1973.csv"
"723","1","15.49",1,5.42,0.3,2,"3","6",33,0,"Veilleux 1976 set A.csv"
"724","2","20.86",2,7.12,NA,NA,"","",NA,NA,"Veilleux 1976 set A.csv"
"725","3","92.11",3,23.46,NA,NA,"","",NA,NA,"Veilleux 1976 set A.csv"
"726","4","63.62",4,41.65,NA,NA,"","",NA,NA,"Veilleux 1976 set A.csv"
"727","5","47.93",5,60.74,NA,NA,"","",NA,NA,"Veilleux 1976 set A.csv"
"728","6","61.53",6,55.13,NA,NA,"","",NA,NA,"Veilleux 1976 set A.csv"
"729","7","64.15",7,50.42,NA,NA,"","",NA,NA,"Veilleux 1976 set A.csv"
"730","8","88.73",8,42.04,NA,NA,"","",NA,NA,"Veilleux 1976 set A.csv"
"731","9","134.4",9,45.58,NA,NA,"","",NA,NA,"Veilleux 1976 set A.csv"
"732","10","118.7",10,81.15,NA,NA,"","",NA,NA,"Veilleux 1976 set A.csv"
"733","11","76.45",11,68.2,NA,NA,"","",NA,NA,"Veilleux 1976 set A.csv"
"734","12","35.14",12,41.55,NA,NA,"","",NA,NA,"Veilleux 1976 set A.csv"
"735","13","46.9",13,26.77,NA,NA,"","",NA,NA,"Veilleux 1976 set A.csv"
"736","14","79.73",14,19.31,NA,NA,"","",NA,NA,"Veilleux 1976 set A.csv"
"737","15","142.8",15,15.53,NA,NA,"","",NA,NA,"Veilleux 1976 set A.csv"
"738","16","237.8",16,24.54,NA,NA,"","",NA,NA,"Veilleux 1976 set A.csv"
"739","17","321.9",17,28.08,NA,NA,"","",NA,NA,"Veilleux 1976 set A.csv"
"740","18","384.9",18,37.11,NA,NA,"","",NA,NA,"Veilleux 1976 set A.csv"
"741","19","420.5",19,44.29,NA,NA,"","",NA,NA,"Veilleux 1976 set A.csv"
"742","20","453.3",20,52.41,NA,NA,"","",NA,NA,"Veilleux 1976 set A.csv"
"743","21","448.6",21,64.18,NA,NA,"","",NA,NA,"Veilleux 1976 set A.csv"
"744","22","420.1",22,91.5,NA,NA,"","",NA,NA,"Veilleux 1976 set A.csv"
"745","23","302.8",23,108.8,NA,NA,"","",NA,NA,"Veilleux 1976 set A.csv"
"746","24","126",24,100.4,NA,NA,"","",NA,NA,"Veilleux 1976 set A.csv"
"747","25","115.8",25,70.98,NA,NA,"","",NA,NA,"Veilleux 1976 set A.csv"
"748","26","126.7",26,53.47,NA,NA,"","",NA,NA,"Veilleux 1976 set A.csv"
"749","27","165.9",27,43.28,NA,NA,"","",NA,NA,"Veilleux 1976 set A.csv"
"750","28","231.7",28,45.89,NA,NA,"","",NA,NA,"Veilleux 1976 set A.csv"
"751","29","322.2",29,52.17,NA,NA,"","",NA,NA,"Veilleux 1976 set A.csv"
"752","30","339.5",30,74.01,NA,NA,"","",NA,NA,"Veilleux 1976 set A.csv"
"753","31","291.7",31,80.3,NA,NA,"","",NA,NA,"Veilleux 1976 set A.csv"
"754","32","221.1",32,83.82,NA,NA,"","",NA,NA,"Veilleux 1976 set A.csv"
"755","33","162.4",33,80.05,NA,NA,"","",NA,NA,"Veilleux 1976 set A.csv"
"756","34","153.1",34,45.13,NA,NA,"","",NA,NA,"Veilleux 1976 set A.csv"
"757","35","171.3",35,41.33,NA,NA,"","",NA,NA,"Veilleux 1976 set A.csv"
"758","36","238.9",36,41.21,NA,NA,"","",NA,NA,"Veilleux 1976 set A.csv"
"759","37","281.8",37,53.9,NA,NA,"","",NA,NA,"Veilleux 1976 set A.csv"
"760","38","294.5",38,65.66,NA,NA,"","",NA,NA,"Veilleux 1976 set A.csv"
"761","39","248.6",39,79.26,NA,NA,"","",NA,NA,"Veilleux 1976 set A.csv"
"762","40","200.9",40,88.28,NA,NA,"","",NA,NA,"Veilleux 1976 set A.csv"
"763","41","176",41,85.41,NA,NA,"","",NA,NA,"Veilleux 1976 set A.csv"
"764","42","180.5",42,61.49,NA,NA,"","",NA,NA,"Veilleux 1976 set A.csv"
"765","43","192.3",43,47.63,NA,NA,"","",NA,NA,"Veilleux 1976 set A.csv"
"766","44","260.8",44,53.91,NA,NA,"","",NA,NA,"Veilleux 1976 set A.csv"
"767","45","320.2",45,58.37,NA,NA,"","",NA,NA,"Veilleux 1976 set A.csv"
"768","46","329.2",46,70.14,NA,NA,"","",NA,NA,"Veilleux 1976 set A.csv"
"769","47","293.4",47,81.92,NA,NA,"","",NA,NA,"Veilleux 1976 set A.csv"
"770","48","255.7",48,76.29,NA,NA,"","",NA,NA,"Veilleux 1976 set A.csv"
"771","49","181.4",49,76.15,NA,NA,"","",NA,NA,"Veilleux 1976 set A.csv"
"772","50","170.3",50,53.16,NA,NA,"","",NA,NA,"Veilleux 1976 set A.csv"
"773","51","189.4",51,44.77,NA,NA,"","",NA,NA,"Veilleux 1976 set A.csv"
"774","52","243.3",52,49.22,NA,NA,"","",NA,NA,"Veilleux 1976 set A.csv"
"775","0","61.21",0,3.45,0.08,2,"4","4",33,0,"Veilleux 1976 set B.csv"
"776","0.5","86.21",0.5,3.448,NA,NA,"","",NA,NA,"Veilleux 1976 set B.csv"
"777","1","94.83",1,5.172,NA,NA,"","",NA,NA,"Veilleux 1976 set B.csv"
"778","1.5","138.8",1.5,9.483,NA,NA,"","",NA,NA,"Veilleux 1976 set B.csv"
"779","2","212.9",2,9.483,NA,NA,"","",NA,NA,"Veilleux 1976 set B.csv"
"780","2.5","302.6",2.5,10.34,NA,NA,"","",NA,NA,"Veilleux 1976 set B.csv"
"781","3","346.6",3,14.66,NA,NA,"","",NA,NA,"Veilleux 1976 set B.csv"
"782","3.5","311.2",3.5,24.14,NA,NA,"","",NA,NA,"Veilleux 1976 set B.csv"
"783","4","212.1",4,38.79,NA,NA,"","",NA,NA,"Veilleux 1976 set B.csv"
"784","4.5","162.9",4.5,63.79,NA,NA,"","",NA,NA,"Veilleux 1976 set B.csv"
"785","5","93.1",5,91.38,NA,NA,"","",NA,NA,"Veilleux 1976 set B.csv"
"786","5.5","63.79",5.5,78.45,NA,NA,"","",NA,NA,"Veilleux 1976 set B.csv"
"787","6","67.24",6,47.41,NA,NA,"","",NA,NA,"Veilleux 1976 set B.csv"
"788","6.5","80.17",6.5,30.17,NA,NA,"","",NA,NA,"Veilleux 1976 set B.csv"
"789","7","87.93",7,14.66,NA,NA,"","",NA,NA,"Veilleux 1976 set B.csv"
"790","7.5","106",7.5,18.1,NA,NA,"","",NA,NA,"Veilleux 1976 set B.csv"
"791","8","131",8,20.69,NA,NA,"","",NA,NA,"Veilleux 1976 set B.csv"
"792","8.5","175.9",8.5,24.14,NA,NA,"","",NA,NA,"Veilleux 1976 set B.csv"
"793","9","223.3",9,19.83,NA,NA,"","",NA,NA,"Veilleux 1976 set B.csv"
"794","9.5","274.1",9.5,23.28,NA,NA,"","",NA,NA,"Veilleux 1976 set B.csv"
"795","10","283.6",10,27.59,NA,NA,"","",NA,NA,"Veilleux 1976 set B.csv"
"796","10.5","233.6",10.5,41.38,NA,NA,"","",NA,NA,"Veilleux 1976 set B.csv"
"797","11","180.2",11,55.17,NA,NA,"","",NA,NA,"Veilleux 1976 set B.csv"
"798","11.5","162.1",11.5,69.83,NA,NA,"","",NA,NA,"Veilleux 1976 set B.csv"
"799","12","125",12,57.76,NA,NA,"","",NA,NA,"Veilleux 1976 set B.csv"
"800","12.5","105.2",12.5,51.72,NA,NA,"","",NA,NA,"Veilleux 1976 set B.csv"
"801","13","111.2",13,38.79,NA,NA,"","",NA,NA,"Veilleux 1976 set B.csv"
"802","13.5","128.4",13.5,31.03,NA,NA,"","",NA,NA,"Veilleux 1976 set B.csv"
"803","14","113.8",14,28.45,NA,NA,"","",NA,NA,"Veilleux 1976 set B.csv"
"804","14.5","129.3",14.5,16.38,NA,NA,"","",NA,NA,"Veilleux 1976 set B.csv"
"805","15","133.6",15,8.621,NA,NA,"","",NA,NA,"Veilleux 1976 set B.csv"
"806","15.5","149.1",15.5,12.93,NA,NA,"","",NA,NA,"Veilleux 1976 set B.csv"
"807","16","182.8",16,18.1,NA,NA,"","",NA,NA,"Veilleux 1976 set B.csv"
"808","16.5","200",16.5,19.83,NA,NA,"","",NA,NA,"Veilleux 1976 set B.csv"
"809","17","225",17,27.59,NA,NA,"","",NA,NA,"Veilleux 1976 set B.csv"
"810","17.5","201.7",17.5,34.48,NA,NA,"","",NA,NA,"Veilleux 1976 set B.csv"
"811","18","176.7",18,57.76,NA,NA,"","",NA,NA,"Veilleux 1976 set B.csv"
"812","18.5","150.9",18.5,42.24,NA,NA,"","",NA,NA,"Veilleux 1976 set B.csv"
"813","19","129.3",19,34.48,NA,NA,"","",NA,NA,"Veilleux 1976 set B.csv"
"814","19.5","124.1",19.5,11.21,NA,NA,"","",NA,NA,"Veilleux 1976 set B.csv"
"815","20","132.8",20,13.79,NA,NA,"","",NA,NA,"Veilleux 1976 set B.csv"
"816","20.5","161.2",20.5,15.52,NA,NA,"","",NA,NA,"Veilleux 1976 set B.csv"
"817","21","203.4",21,20.69,NA,NA,"","",NA,NA,"Veilleux 1976 set B.csv"
"818","21.5","235.3",21.5,25,NA,NA,"","",NA,NA,"Veilleux 1976 set B.csv"
"819","22","212.9",22,37.93,NA,NA,"","",NA,NA,"Veilleux 1976 set B.csv"
"820","22.5","184.5",22.5,50.86,NA,NA,"","",NA,NA,"Veilleux 1976 set B.csv"
"821","23","150.9",23,53.45,NA,NA,"","",NA,NA,"Veilleux 1976 set B.csv"
"822","23.5","137.1",23.5,51.72,NA,NA,"","",NA,NA,"Veilleux 1976 set B.csv"
"823","24","123.3",24,38.79,NA,NA,"","",NA,NA,"Veilleux 1976 set B.csv"
"824","24.5","126.7",24.5,35.34,NA,NA,"","",NA,NA,"Veilleux 1976 set B.csv"
"825","25","131.9",25,25.86,NA,NA,"","",NA,NA,"Veilleux 1976 set B.csv"
"826","25.5","156",25.5,10.34,NA,NA,"","",NA,NA,"Veilleux 1976 set B.csv"
"827","26","184.5",26,15.52,NA,NA,"","",NA,NA,"Veilleux 1976 set B.csv"
"828","26.5","240.5",26.5,25,NA,NA,"","",NA,NA,"Veilleux 1976 set B.csv"
"829","27","256",27,39.66,NA,NA,"","",NA,NA,"Veilleux 1976 set B.csv"
"830","27.5","219.8",27.5,56.9,NA,NA,"","",NA,NA,"Veilleux 1976 set B.csv"
"831","28","220.7",28,45.69,NA,NA,"","",NA,NA,"Veilleux 1976 set B.csv"
"832","28.5","193.1",28.5,22.41,NA,NA,"","",NA,NA,"Veilleux 1976 set B.csv"
"833","29","150",29,9.483,NA,NA,"","",NA,NA,"Veilleux 1976 set B.csv"
"834","29.5","161.2",29.5,6.897,NA,NA,"","",NA,NA,"Veilleux 1976 set B.csv"
"835","30","179",30,8.621,NA,NA,"","",NA,NA,"Veilleux 1976 set B.csv"
"836","30.5","196.6",30.5,10.34,NA,NA,"","",NA,NA,"Veilleux 1976 set B.csv"
"837","31","223.3",31,16.38,NA,NA,"","",NA,NA,"Veilleux 1976 set B.csv"
"838","31.5","243.1",31.5,28.45,NA,NA,"","",NA,NA,"Veilleux 1976 set B.csv"
"839","32","254.3",32,43.97,NA,NA,"","",NA,NA,"Veilleux 1976 set B.csv"
"840","0","15.65",0,5.76,-1,2,"4","4",33,0,"Veilleux 1976 set C.csv"
"841","0.5","53.57",0.5,9.05,NA,NA,"","",NA,NA,"Veilleux 1976 set C.csv"
"842","1","73.34",1,17.26,NA,NA,"","",NA,NA,"Veilleux 1976 set C.csv"
"843","1.5","93.93",1.5,41.97,NA,NA,"","",NA,NA,"Veilleux 1976 set C.csv"
"844","2","115.4",2,55.97,NA,NA,"","",NA,NA,"Veilleux 1976 set C.csv"
"845","2.5","76.57",2.5,74.91,NA,NA,"","",NA,NA,"Veilleux 1976 set C.csv"
"846","3","32.83",3,62.52,NA,NA,"","",NA,NA,"Veilleux 1976 set C.csv"
"847","3.5","23.74",3.5,27.04,NA,NA,"","",NA,NA,"Veilleux 1976 set C.csv"
"848","4","56.7",4,18.77,NA,NA,"","",NA,NA,"Veilleux 1976 set C.csv"
"849","4.5","86.37",4.5,31.11,NA,NA,"","",NA,NA,"Veilleux 1976 set C.csv"
"850","5","121",5,58.31,NA,NA,"","",NA,NA,"Veilleux 1976 set C.csv"
"851","5.5","71.48",5.5,73.13,NA,NA,"","",NA,NA,"Veilleux 1976 set C.csv"
"852","6","55.78",6,63.21,NA,NA,"","",NA,NA,"Veilleux 1976 set C.csv"
"853","6.5","31.84",6.5,52.46,NA,NA,"","",NA,NA,"Veilleux 1976 set C.csv"
"854","7","26.87",7,40.07,NA,NA,"","",NA,NA,"Veilleux 1976 set C.csv"
"855","7.5","53.24",7.5,27.67,NA,NA,"","",NA,NA,"Veilleux 1976 set C.csv"
"856","8","65.59",8,26,NA,NA,"","",NA,NA,"Veilleux 1976 set C.csv"
"857","8.5","81.23",8.5,24.32,NA,NA,"","",NA,NA,"Veilleux 1976 set C.csv"
"858","9","143.9",9,21,NA,NA,"","",NA,NA,"Veilleux 1976 set C.csv"
"859","9.5","237.9",9.5,33.35,NA,NA,"","",NA,NA,"Veilleux 1976 set C.csv"
"860","10","276.6",10,64.67,NA,NA,"","",NA,NA,"Veilleux 1976 set C.csv"
"861","10.5","222.2",10.5,94.34,NA,NA,"","",NA,NA,"Veilleux 1976 set C.csv"
"862","11","137.2",11,103.4,NA,NA,"","",NA,NA,"Veilleux 1976 set C.csv"
"863","11.5","46.45",11.5,82.74,NA,NA,"","",NA,NA,"Veilleux 1976 set C.csv"
"864","12","27.46",12,65.4,NA,NA,"","",NA,NA,"Veilleux 1976 set C.csv"
"865","12.5","41.46",12.5,51.35,NA,NA,"","",NA,NA,"Veilleux 1976 set C.csv"
"866","13","44.73",13,28.24,NA,NA,"","",NA,NA,"Veilleux 1976 set C.csv"
"867","13.5","88.42",13.5,23.27,NA,NA,"","",NA,NA,"Veilleux 1976 set C.csv"
"868","14","105.7",14,38.09,NA,NA,"","",NA,NA,"Veilleux 1976 set C.csv"
"869","14.5","155.2",14.5,14.97,NA,NA,"","",NA,NA,"Veilleux 1976 set C.csv"
"870","15","205.5",15,24.84,NA,NA,"","",NA,NA,"Veilleux 1976 set C.csv"
"871","15.5","312.7",15.5,49.56,NA,NA,"","",NA,NA,"Veilleux 1976 set C.csv"
"872","16","213.7",16,75.93,NA,NA,"","",NA,NA,"Veilleux 1976 set C.csv"
"873","16.5","163.4",16.5,104,NA,NA,"","",NA,NA,"Veilleux 1976 set C.csv"
"874","17","85.78",17,106.4,NA,NA,"","",NA,NA,"Veilleux 1976 set C.csv"
"875","17.5","48.64",17.5,100.6,NA,NA,"","",NA,NA,"Veilleux 1976 set C.csv"
"876","18","44.49",18,84.08,NA,NA,"","",NA,NA,"Veilleux 1976 set C.csv"
"877","18.5","63.44",18.5,45.3,NA,NA,"","",NA,NA,"Veilleux 1976 set C.csv"
"878","19","71.66",19,35.37,NA,NA,"","",NA,NA,"Veilleux 1976 set C.csv"
"879","19.5","127.7",19.5,35.35,NA,NA,"","",NA,NA,"Veilleux 1976 set C.csv"
"880","20","206.9",20,41.1,NA,NA,"","",NA,NA,"Veilleux 1976 set C.csv"
"881","20.5","309.9",20.5,52.62,NA,NA,"","",NA,NA,"Veilleux 1976 set C.csv"
"882","21","156.5",21,120.2,NA,NA,"","",NA,NA,"Veilleux 1976 set C.csv"
"883","21.5","63.3",21.5,112.8,NA,NA,"","",NA,NA,"Veilleux 1976 set C.csv"
"884","22","77.29",22,92.14,NA,NA,"","",NA,NA,"Veilleux 1976 set C.csv"
"885","22.5","45.11",22.5,65.72,NA,NA,"","",NA,NA,"Veilleux 1976 set C.csv"
"886","23","57.45",23,33.54,NA,NA,"","",NA,NA,"Veilleux 1976 set C.csv"
"887","23.5","69.8",23.5,21.14,NA,NA,"","",NA,NA,"Veilleux 1976 set C.csv"
"888","24","121.7",24,17.82,NA,NA,"","",NA,NA,"Veilleux 1976 set C.csv"
"889","24.5","185.2",24.5,26.04,NA,NA,"","",NA,NA,"Veilleux 1976 set C.csv"
"890","25","175.3",25,65.61,NA,NA,"","",NA,NA,"Veilleux 1976 set C.csv"
"891","25.5","139",25.5,76.3,NA,NA,"","",NA,NA,"Veilleux 1976 set C.csv"
"892","26","77.11",26,96.07,NA,NA,"","",NA,NA,"Veilleux 1976 set C.csv"
"893","26.5","57.29",26.5,68.84,NA,NA,"","",NA,NA,"Veilleux 1976 set C.csv"
"894","27","54.79",27,54.79,NA,NA,"","",NA,NA,"Veilleux 1976 set C.csv"
"895","27.5","75.38",27.5,35.8,NA,NA,"","",NA,NA,"Veilleux 1976 set C.csv"
"896","28","87.73",28,32.48,NA,NA,"","",NA,NA,"Veilleux 1976 set C.csv"
"897","28.5","136.4",28.5,24.21,NA,NA,"","",NA,NA,"Veilleux 1976 set C.csv"
"898","29","290.6",29,35.73,NA,NA,"","",NA,NA,"Veilleux 1976 set C.csv"
"899","29.5","345.8",29.5,55.5,NA,NA,"","",NA,NA,"Veilleux 1976 set C.csv"
"900","30","271.6",30,93.41,NA,NA,"","",NA,NA,"Veilleux 1976 set C.csv"
"901","30.5","156.1",30.5,117.3,NA,NA,"","",NA,NA,"Veilleux 1976 set C.csv"
"902","31","71.1",31,95.02,NA,NA,"","",NA,NA,"Veilleux 1976 set C.csv"
"903","31.5","43.86",31.5,85.92,NA,NA,"","",NA,NA,"Veilleux 1976 set C.csv"
"904","32","30.64",32,82.6,NA,NA,"","",NA,NA,"Veilleux 1976 set C.csv"
"905","32.5","35.56",32.5,66.08,NA,NA,"","",NA,NA,"Veilleux 1976 set C.csv"
"906","33","52.03",33,63.58,NA,NA,"","",NA,NA,"Veilleux 1976 set C.csv"
"907","33.5","37.99",33.5,37.99,NA,NA,"","",NA,NA,"Veilleux 1976 set C.csv"
"908","34","62.71",34,25.6,NA,NA,"","",NA,NA,"Veilleux 1976 set C.csv"
"909","34.5","103.9",34.5,23.1,NA,NA,"","",NA,NA,"Veilleux 1976 set C.csv"
"910","35","187.2",35,37.09,NA,NA,"","",NA,NA,"Veilleux 1976 set C.csv"
"911","1","5.05",1,1.81,0.08,2,"2","6",50,0.69,"Yoshida 2003.csv"
"912","2","3.24",2,4.31,NA,NA,"","",NA,NA,"Yoshida 2003.csv"
"913","3","1.44",3,9.19,NA,NA,"","",NA,NA,"Yoshida 2003.csv"
"914","4","0.11",4,9.4,NA,NA,"","",NA,NA,"Yoshida 2003.csv"
"915","5","0.045",5,13.4,NA,NA,"","",NA,NA,"Yoshida 2003.csv"
"916","6","0.14",6,6.6,NA,NA,"","",NA,NA,"Yoshida 2003.csv"
"917","7","1.1",7,4.19,NA,NA,"","",NA,NA,"Yoshida 2003.csv"
"918","8","0.805",8,10.4,NA,NA,"","",NA,NA,"Yoshida 2003.csv"
"919","9","0.665",9,9.4,NA,NA,"","",NA,NA,"Yoshida 2003.csv"
"920","10","1.435",10,5.4,NA,NA,"","",NA,NA,"Yoshida 2003.csv"
"921","11","1.815",11,6.8,NA,NA,"","",NA,NA,"Yoshida 2003.csv"
"922","12","2.61",12,4.25,NA,NA,"","",NA,NA,"Yoshida 2003.csv"
"923","13","2.515",13,5.69,NA,NA,"","",NA,NA,"Yoshida 2003.csv"
"924","14","2.495",14,9,NA,NA,"","",NA,NA,"Yoshida 2003.csv"
"925","15","3.155",15,11.54,NA,NA,"","",NA,NA,"Yoshida 2003.csv"
"926","16","2.95",16,4.67,NA,NA,"","",NA,NA,"Yoshida 2003.csv"
"927","17","2.13",17,9.23,NA,NA,"","",NA,NA,"Yoshida 2003.csv"
"928","18","2.345",18,11.25,NA,NA,"","",NA,NA,"Yoshida 2003.csv"
"929","19","2.205",19,11.88,NA,NA,"","",NA,NA,"Yoshida 2003.csv"
"930","20","1.655",20,7.57,NA,NA,"","",NA,NA,"Yoshida 2003.csv"
"931","21","1.43",21,8.4,NA,NA,"","",NA,NA,"Yoshida 2003.csv"
"932","22","1.355",22,10.38,NA,NA,"","",NA,NA,"Yoshida 2003.csv"
"933","23","0.82",23,10.2,NA,NA,"","",NA,NA,"Yoshida 2003.csv"
"934","24","0.705",24,13.1,NA,NA,"","",NA,NA,"Yoshida 2003.csv"
"935","25","0.7",25,8.6,NA,NA,"","",NA,NA,"Yoshida 2003.csv"
"936","26","0.76",26,19.5,NA,NA,"","",NA,NA,"Yoshida 2003.csv"
"937","27","1.04",27,13.69,NA,NA,"","",NA,NA,"Yoshida 2003.csv"
"938","28","1.275",28,14.38,NA,NA,"","",NA,NA,"Yoshida 2003.csv"
"939","29","1.595",29,7.63,NA,NA,"","",NA,NA,"Yoshida 2003.csv"
"940","30","1.985",30,8.81,NA,NA,"","",NA,NA,"Yoshida 2003.csv"
"941","31","1.945",31,8.13,NA,NA,"","",NA,NA,"Yoshida 2003.csv"
"942","32","2.54",32,8.81,NA,NA,"","",NA,NA,"Yoshida 2003.csv"
"943","33","2.8",33,6.44,NA,NA,"","",NA,NA,"Yoshida 2003.csv"
"944","34","2.89",34,7.56,NA,NA,"","",NA,NA,"Yoshida 2003.csv"
"945","35","2.84",35,5.31,NA,NA,"","",NA,NA,"Yoshida 2003.csv"
"946","36","2.95",36,3.19,NA,NA,"","",NA,NA,"Yoshida 2003.csv"
"947","37","3.045",37,6.5,NA,NA,"","",NA,NA,"Yoshida 2003.csv"
"948","38","2.6",38,11.13,NA,NA,"","",NA,NA,"Yoshida 2003.csv"
"949","39","2.065",39,14.44,NA,NA,"","",NA,NA,"Yoshida 2003.csv"
"950","40","1.44",40,8.06,NA,NA,"","",NA,NA,"Yoshida 2003.csv"
"951","41","1.445",41,6.06,NA,NA,"","",NA,NA,"Yoshida 2003.csv"
"952","42","1.28",42,13.75,NA,NA,"","",NA,NA,"Yoshida 2003.csv"
"953","43","1.375",43,14.06,NA,NA,"","",NA,NA,"Yoshida 2003.csv"
"954","44","1.075",44,7.81,NA,NA,"","",NA,NA,"Yoshida 2003.csv"
"955","45","0.915",45,17.28,NA,NA,"","",NA,NA,"Yoshida 2003.csv"
"956","46","0.7",46,10.19,NA,NA,"","",NA,NA,"Yoshida 2003.csv"
"957","47","0.605",47,10.25,NA,NA,"","",NA,NA,"Yoshida 2003.csv"
"958","48","0.895",48,12,NA,NA,"","",NA,NA,"Yoshida 2003.csv"
"959","49","0.91",49,22.25,NA,NA,"","",NA,NA,"Yoshida 2003.csv"
"960","50","0.955",50,12.81,NA,NA,"","",NA,NA,"Yoshida 2003.csv"
"961","51","0.66",51,14.13,NA,NA,"","",NA,NA,"Yoshida 2003.csv"
"962","52","0.69",52,22.44,NA,NA,"","",NA,NA,"Yoshida 2003.csv"
"963","53","0.63",53,17,NA,NA,"","",NA,NA,"Yoshida 2003.csv"
"964","54","0.82",54,10.63,NA,NA,"","",NA,NA,"Yoshida 2003.csv"
"965","55","0.6",55,7.5,NA,NA,"","",NA,NA,"Yoshida 2003.csv"
"966","56","1.02",56,13.44,NA,NA,"","",NA,NA,"Yoshida 2003.csv"
"967","57","1.65",57,9.5,NA,NA,"","",NA,NA,"Yoshida 2003.csv"
"968","58","2.4",58,7.44,NA,NA,"","",NA,NA,"Yoshida 2003.csv"
"969","59","2.65",59,4.69,NA,NA,"","",NA,NA,"Yoshida 2003.csv"
"970","60","2.81",60,9.44,NA,NA,"","",NA,NA,"Yoshida 2003.csv"
"971","61","2.7",61,7.44,NA,NA,"","",NA,NA,"Yoshida 2003.csv"
"972","1","4.82",1,0.46,0.16,2,"2","6",33,0.84,"Yoshida 2007.csv"
"973","2","5.13",2,0,NA,NA,"","",NA,NA,"Yoshida 2007.csv"
"974","3","3.54",3,0,NA,NA,"","",NA,NA,"Yoshida 2007.csv"
"975","4","3.84",4,0.09,NA,NA,"","",NA,NA,"Yoshida 2007.csv"
"976","5","3.01",5,0.49,NA,NA,"","",NA,NA,"Yoshida 2007.csv"
"977","6","3.27",6,5.1,NA,NA,"","",NA,NA,"Yoshida 2007.csv"
"978","7","1.93",7,11.05,NA,NA,"","",NA,NA,"Yoshida 2007.csv"
"979","8","0.4",8,16.29,NA,NA,"","",NA,NA,"Yoshida 2007.csv"
"980","9","0.07",9,7.17,NA,NA,"","",NA,NA,"Yoshida 2007.csv"
"981","10","0.11",10,1.8,NA,NA,"","",NA,NA,"Yoshida 2007.csv"
"982","11","0.37",11,0.35,NA,NA,"","",NA,NA,"Yoshida 2007.csv"
"983","12","0.27",12,0.28,NA,NA,"","",NA,NA,"Yoshida 2007.csv"
"984","13","1.46",13,0.61,NA,NA,"","",NA,NA,"Yoshida 2007.csv"
"985","14","3.52",14,0.44,NA,NA,"","",NA,NA,"Yoshida 2007.csv"
"986","15","4.62",15,1.66,NA,NA,"","",NA,NA,"Yoshida 2007.csv"
"987","16","4.41",16,2.96,NA,NA,"","",NA,NA,"Yoshida 2007.csv"
"988","17","3.84",17,5.95,NA,NA,"","",NA,NA,"Yoshida 2007.csv"
"989","18","1.87",18,8.81,NA,NA,"","",NA,NA,"Yoshida 2007.csv"
"990","19","0.27",19,14.87,NA,NA,"","",NA,NA,"Yoshida 2007.csv"
"991","20","0.15",20,3.5,NA,NA,"","",NA,NA,"Yoshida 2007.csv"
"992","21","0.37",21,0.81,NA,NA,"","",NA,NA,"Yoshida 2007.csv"
"993","22","0.14",22,0.74,NA,NA,"","",NA,NA,"Yoshida 2007.csv"
"994","23","0.56",23,0.44,NA,NA,"","",NA,NA,"Yoshida 2007.csv"
"995","24","3.76",24,1.4,NA,NA,"","",NA,NA,"Yoshida 2007.csv"
"996","25","4.03",25,1.43,NA,NA,"","",NA,NA,"Yoshida 2007.csv"
"997","26","3.71",26,1.67,NA,NA,"","",NA,NA,"Yoshida 2007.csv"
"998","27","2.97",27,4.79,NA,NA,"","",NA,NA,"Yoshida 2007.csv"
"999","28","2.12",28,4.47,NA,NA,"","",NA,NA,"Yoshida 2007.csv"
"1000","29","1.08",29,9.59,NA,NA,"","",NA,NA,"Yoshida 2007.csv"
"1001","30","0.18",30,19.18,NA,NA,"","",NA,NA,"Yoshida 2007.csv"
"1002","31","1.21",31,18.8,NA,NA,"","",NA,NA,"Yoshida 2007.csv"
"1003","32","0.46",32,15.4,NA,NA,"","",NA,NA,"Yoshida 2007.csv"
"1004","33","0.29",33,5.1,NA,NA,"","",NA,NA,"Yoshida 2007.csv"
"1005","34","0.31",34,2.36,NA,NA,"","",NA,NA,"Yoshida 2007.csv"
"1006","35","0.63",35,1.8,NA,NA,"","",NA,NA,"Yoshida 2007.csv"
"1007","36","0.66",36,1.74,NA,NA,"","",NA,NA,"Yoshida 2007.csv"
"1008","37","0.99",37,1.01,NA,NA,"","",NA,NA,"Yoshida 2007.csv"
"1009","38","1.3",38,0.85,NA,NA,"","",NA,NA,"Yoshida 2007.csv"
"1010","39","1.86",39,2.45,NA,NA,"","",NA,NA,"Yoshida 2007.csv"
"1011","40","1.97",40,1.08,NA,NA,"","",NA,NA,"Yoshida 2007.csv"
"1012","41","1.95",41,3.39,NA,NA,"","",NA,NA,"Yoshida 2007.csv"
"1013","42","2.02",42,4.22,NA,NA,"","",NA,NA,"Yoshida 2007.csv"
"1014","43","1.55",43,4.83,NA,NA,"","",NA,NA,"Yoshida 2007.csv"
"1015","44","1.07",44,9.91,NA,NA,"","",NA,NA,"Yoshida 2007.csv"
"1016","45","0.66",45,12.87,NA,NA,"","",NA,NA,"Yoshida 2007.csv"
"1017","46","0.45",46,13.26,NA,NA,"","",NA,NA,"Yoshida 2007.csv"
"1018","47","0.51",47,9.26,NA,NA,"","",NA,NA,"Yoshida 2007.csv"
"1019","48","0.48",48,12.05,NA,NA,"","",NA,NA,"Yoshida 2007.csv"
"1020","49","0.7",49,8.03,NA,NA,"","",NA,NA,"Yoshida 2007.csv"
"1021","50","0.59",50,8.9,NA,NA,"","",NA,NA,"Yoshida 2007.csv"
"1022","51","0.82",51,8.55,NA,NA,"","",NA,NA,"Yoshida 2007.csv"
"1023","52","0.61",52,6.88,NA,NA,"","",NA,NA,"Yoshida 2007.csv"
"1024","53","0.8",53,7.84,NA,NA,"","",NA,NA,"Yoshida 2007.csv"
"1025","54","0.61",54,7.95,NA,NA,"","",NA,NA,"Yoshida 2007.csv"
"1026","55","0.81",55,8.24,NA,NA,"","",NA,NA,"Yoshida 2007.csv"
"1027","56","0.85",56,10.4,NA,NA,"","",NA,NA,"Yoshida 2007.csv"
"1028","57","0.79",57,11.25,NA,NA,"","",NA,NA,"Yoshida 2007.csv"
"1029","58","0.67",58,11.08,NA,NA,"","",NA,NA,"Yoshida 2007.csv"
"1030","59","0.64",59,11.39,NA,NA,"","",NA,NA,"Yoshida 2007.csv"
"1031","60","0.85",60,12.86,NA,NA,"","",NA,NA,"Yoshida 2007.csv"
"1032","61","0.92",61,12.14,NA,NA,"","",NA,NA,"Yoshida 2007.csv"
"1033","62","0.77",62,8.82,NA,NA,"","",NA,NA,"Yoshida 2007.csv"
"1034","63","0.88",63,9.37,NA,NA,"","",NA,NA,"Yoshida 2007.csv"
"1035","64","0.52",64,9.82,NA,NA,"","",NA,NA,"Yoshida 2007.csv"
"1036","65","0.69",65,8.25,NA,NA,"","",NA,NA,"Yoshida 2007.csv"
"1037","66","0.79",66,6.26,NA,NA,"","",NA,NA,"Yoshida 2007.csv"
"1038","67","0.89",67,8.81,NA,NA,"","",NA,NA,"Yoshida 2007.csv"
"1039","68","0.99",68,7.78,NA,NA,"","",NA,NA,"Yoshida 2007.csv"
"1040","69","0.75",69,11.6,NA,NA,"","",NA,NA,"Yoshida 2007.csv"
"1041","70","0.76",70,12.5,NA,NA,"","",NA,NA,"Yoshida 2007.csv"
"1042","71","0.95",71,11.49,NA,NA,"","",NA,NA,"Yoshida 2007.csv"
"1043","72","0.58",72,10.37,NA,NA,"","",NA,NA,"Yoshida 2007.csv"
